confusion_matrix,height,width
"[0, 0, 0, 0, 0, 0, 0, 0, 0, 0, 0, 0, 0, 0, 0, 0, 0, 0, 0, 0, 0, 0, 0, 0, 0, 0, 0, 0, 0, 0, 0, 0, 0, 0, 0, 0, 0, 0, 0, 0, 0, 0, 0, 0, 0, 0, 0, 0, 0, 0, 0, 0, 0, 0, 0, 0, 0, 0, 0, 0, 0, 0, 0, 0, 0, 0, 0, 0, 0, 0, 0, 0, 0, 0, 0, 0, 0, 0, 0, 0, 0, 0, 0, 0, 0, 0, 0, 0, 0, 0, 0, 0, 0, 0, 0, 0, 0, 0, 0, 0, 0, 0, 0, 0, 0, 0, 0, 0, 0, 0, 0, 0, 0, 0, 0, 0, 0, 0, 0, 0, 0, 0, 0, 0, 0, 0, 0, 0, 0, 0, 0, 0, 0, 0, 0, 0, 0, 0, 0, 0, 0, 0, 0, 0, 0, 0, 0, 0, 0, 0, 0, 0, 0, 0, 0, 0, 0, 0, 0, 0, 0, 0, 0, 0, 0, 0, 0, 0, 0, 0, 0, 0, 0, 0, 0, 0, 0, 0, 0, 0, 0, 0, 0, 0, 0, 0, 0, 0, 0, 0, 0, 0, 0, 0, 0, 0, 0, 0, 0, 0, 0, 0, 0, 0, 0, 0, 0, 0, 0, 0, 0, 0, 0, 0, 0, 0, 0, 0, 0, 0, 0, 0, 0, 0, 0, 0, 0, 0, 0, 0, 0, 0, 0, 0, 0, 0, 0, 0, 0, 0, 0, 0, 0, 0, 0, 0, 0, 0, 0, 0, 0, 0, 0, 0, 0, 0, 0, 0, 0, 0, 0, 0, 0, 0, 0, 0, 0, 0, 0, 0, 0, 0, 0, 4, 3, 22, 0, 0, 2, 8, 39, 0, 0, 0, 7, 0, 10, 0, 0, 17, 0, 0, 0, 4, 0, 0, 0, 183, 1, 13, 1, 6, 2, 52, 0, 1, 1, 0, 0, 0, 0, 0, 0, 0, 0, 0, 0, 0, 0, 0, 0, 0, 0, 0, 0, 175, 0, 2, 8, 1, 0, 4, 4, 1, 0, 0, 0, 0, 5, 0, 0, 0, 0, 1, 0, 0, 0, 27, 0, 0, 0, 8, 1, 114, 2, 10, 0, 17, 2, 1, 0, 0, 0, 0, 0, 0, 0, 1, 0, 0, 1, 0, 0, 0, 3, 0, 0, 0, 6, 11, 3, 15, 15, 21, 12, 4, 14, 26, 12, 0, 0, 0, 31, 0, 11, 0, 0, 10, 0, 0, 0, 20, 0, 0, 0, 4, 6, 2, 84, 8, 16, 4, 8, 20, 12, 3, 0, 0, 0, 4, 0, 15, 0, 0, 7, 0, 0, 0, 15, 0, 0, 0, 1, 1, 0, 6, 4, 13, 1, 2, 5, 5, 9, 0, 0, 0, 3, 0, 40, 0, 0, 11, 0, 0, 0, 9, 0, 0, 0, 0, 2, 0, 5, 1, 13, 1, 8, 3, 10, 16, 0, 0, 0, 4, 0, 27, 0, 0, 81, 0, 0, 0, 18, 0, 0, 0, 0, 2, 0, 4, 1, 9, 1, 7, 2, 9, 13, 0, 0, 0, 4, 0, 22, 0, 0, 65, 0, 0, 0, 15, 0, 0, 0, 0, 0, 0, 0, 0, 0, 0, 0, 0, 0, 0, 0, 0, 0, 0, 0, 0, 0, 0, 0, 0, 0, 0, 0, 0, 0, 0, 10, 7, 11, 12, 157, 1, 42, 7, 11, 2, 0, 0, 0, 0, 6, 0, 0, 0, 0, 1, 0, 0, 0, 7, 0, 0, 0, 0, 1, 0, 12, 2, 51, 0, 1, 2, 8, 8, 0, 0, 0, 5, 0, 12, 0, 0, 11, 0, 0, 0, 2, 0, 0, 0, 53, 6, 20, 4, 50, 1, 166, 0, 10, 0, 0, 0, 0, 0, 0, 0, 0, 0, 0, 0, 0, 0, 0, 0, 0, 0, 0, 3, 56, 0, 16, 6, 6, 2, 3, 7, 10, 2, 0, 0, 0, 5, 0, 6, 0, 0, 5, 0, 0, 0, 88, 0, 0, 0, 0, 6, 2, 17, 10, 6, 0, 121, 6, 1, 2, 0, 0, 0, 4, 0, 1, 0, 0, 11, 0, 0, 0, 5, 0, 0, 0, 0, 8, 2, 22, 4, 5, 1, 5, 81, 2, 1, 0, 0, 0, 1, 0, 0, 0, 0, 5, 0, 0, 0, 4, 0, 0, 0, 0, 4, 1, 8, 1, 14, 0, 0, 0, 194, 3, 0, 0, 0, 6, 0, 10, 0, 0, 9, 0, 0, 0, 6, 0, 0, 0]",27,27
"[0, 0, 0, 0, 0, 0, 0, 0, 0, 0, 0, 0, 0, 0, 0, 0, 0, 0, 0, 0, 0, 0, 0, 0, 0, 0, 0, 0, 0, 0, 0, 0, 0, 0, 0, 0, 0, 0, 0, 0, 0, 0, 0, 0, 0, 0, 0, 0, 0, 0, 0, 0, 0, 0, 0, 0, 0, 0, 0, 0, 0, 0, 0, 0, 0, 0, 0, 0, 0, 0, 0, 0, 0, 0, 0, 0, 0, 0, 0, 0, 0, 0, 0, 0, 0, 0, 0, 0, 0, 0, 0, 0, 0, 0, 0, 0, 0, 0, 0, 0, 0, 0, 0, 0, 0, 0, 0, 0, 0, 0, 0, 0, 0, 0, 0, 0, 0, 0, 0, 0, 0, 0, 0, 0, 0, 0, 0, 0, 0, 0, 0, 0, 0, 0, 0, 0, 0, 0, 0, 0, 0, 0, 0, 0, 0, 0, 0, 0, 0, 0, 0, 0, 0, 0, 0, 0, 0, 0, 0, 0, 0, 0, 0, 0, 0, 0, 0, 0, 0, 0, 0, 0, 0, 0, 0, 0, 0, 0, 0, 0, 0, 0, 0, 0, 0, 0, 0, 0, 0, 0, 0, 0, 0, 0, 0, 0, 0, 0, 0, 0, 0, 0, 0, 0, 0, 0, 0, 0, 0, 0, 0, 0, 0, 0, 0, 0, 0, 0, 0, 0, 0, 0, 0, 0, 0, 0, 0, 0, 0, 0, 0, 0, 0, 0, 0, 0, 0, 0, 0, 0, 0, 0, 0, 0, 0, 0, 0, 0, 0, 0, 0, 0, 0, 0, 0, 0, 0, 0, 0, 0, 0, 0, 0, 0, 0, 0, 0, 0, 0, 0, 0, 0, 0, 4, 3, 22, 0, 0, 2, 8, 39, 0, 0, 0, 7, 0, 10, 0, 0, 17, 0, 0, 0, 4, 0, 0, 0, 183, 1, 13, 1, 6, 2, 52, 0, 1, 1, 0, 0, 0, 0, 0, 0, 0, 0, 0, 0, 0, 0, 0, 0, 0, 0, 0, 0, 175, 0, 2, 8, 1, 0, 4, 4, 1, 0, 0, 0, 0, 5, 0, 0, 0, 0, 1, 0, 0, 0, 27, 0, 0, 0, 8, 1, 114, 2, 10, 0, 17, 2, 1, 0, 0, 0, 0, 0, 0, 0, 1, 0, 0, 1, 0, 0, 0, 3, 0, 0, 0, 6, 11, 3, 15, 15, 21, 12, 4, 14, 26, 12, 0, 0, 0, 31, 0, 11, 0, 0, 10, 0, 0, 0, 20, 0, 0, 0, 4, 6, 2, 84, 8, 16, 4, 8, 20, 12, 3, 0, 0, 0, 4, 0, 15, 0, 0, 7, 0, 0, 0, 15, 0, 0, 0, 1, 1, 0, 6, 4, 13, 1, 2, 5, 5, 9, 0, 0, 0, 3, 0, 40, 0, 0, 11, 0, 0, 0, 9, 0, 0, 0, 0, 2, 0, 5, 1, 13, 1, 8, 3, 10, 16, 0, 0, 0, 4, 0, 27, 0, 0, 81, 0, 0, 0, 18, 0, 0, 0, 0, 2, 0, 4, 1, 9, 1, 7, 2, 9, 13, 0, 0, 0, 4, 0, 22, 0, 0, 65, 0, 0, 0, 15, 0, 0, 0, 0, 0, 0, 0, 0, 0, 0, 0, 0, 0, 0, 0, 0, 0, 0, 0, 0, 0, 0, 0, 0, 0, 0, 0, 0, 0, 0, 10, 7, 11, 12, 157, 1, 42, 7, 11, 2, 0, 0, 0, 0, 6, 0, 0, 0, 0, 1, 0, 0, 0, 7, 0, 0, 0, 0, 1, 0, 12, 2, 51, 0, 1, 2, 8, 8, 0, 0, 0, 5, 0, 12, 0, 0, 11, 0, 0, 0, 2, 0, 0, 0, 53, 6, 20, 4, 50, 1, 166, 0, 10, 0, 0, 0, 0, 0, 0, 0, 0, 0, 0, 0, 0, 0, 0, 0, 0, 0, 0, 3, 56, 0, 16, 6, 6, 2, 3, 7, 10, 2, 0, 0, 0, 5, 0, 6, 0, 0, 5, 0, 0, 0, 88, 0, 0, 0, 0, 6, 2, 17, 10, 6, 0, 121, 6, 1, 2, 0, 0, 0, 4, 0, 1, 0, 0, 11, 0, 0, 0, 5, 0, 0, 0, 0, 8, 2, 22, 4, 5, 1, 5, 81, 2, 1, 0, 0, 0, 1, 0, 0, 0, 0, 5, 0, 0, 0, 4, 0, 0, 0, 0, 4, 1, 8, 1, 14, 0, 0, 0, 194, 3, 0, 0, 0, 6, 0, 10, 0, 0, 9, 0, 0, 0, 6, 0, 0, 0]",27,27
"[0, 0, 0, 0, 0, 0, 0, 0, 0, 0, 0, 0, 0, 0, 0, 0, 0, 0, 0, 0, 0, 0, 0, 0, 0, 0, 0, 0, 0, 0, 0, 0, 0, 0, 0, 0, 0, 0, 0, 0, 0, 0, 0, 0, 0, 0, 0, 0, 0, 0, 0, 0, 0, 0, 0, 0, 0, 0, 0, 0, 0, 0, 0, 0, 0, 0, 0, 0, 0, 0, 0, 0, 0, 0, 0, 0, 0, 0, 0, 0, 0, 0, 0, 0, 0, 0, 0, 0, 0, 0, 0, 0, 0, 0, 0, 0, 0, 0, 0, 0, 0, 0, 0, 0, 0, 0, 0, 0, 0, 0, 0, 0, 0, 0, 0, 0, 0, 0, 0, 0, 0, 0, 0, 0, 0, 0, 0, 0, 0, 0, 0, 0, 0, 0, 0, 0, 0, 0, 0, 0, 0, 0, 0, 0, 0, 0, 0, 0, 0, 0, 0, 0, 0, 0, 0, 0, 0, 0, 0, 0, 0, 0, 0, 0, 0, 0, 0, 0, 0, 0, 0, 0, 0, 0, 0, 0, 0, 0, 0, 0, 0, 0, 0, 0, 0, 0, 0, 0, 0, 0, 0, 0, 0, 0, 0, 0, 0, 0, 0, 0, 0, 0, 0, 0, 0, 0, 0, 0, 0, 0, 0, 0, 0, 0, 0, 0, 0, 0, 0, 0, 0, 0, 0, 0, 0, 0, 0, 0, 0, 0, 0, 0, 0, 0, 0, 0, 0, 0, 0, 0, 0, 0, 0, 0, 0, 0, 0, 0, 0, 0, 0, 0, 0, 0, 0, 0, 0, 0, 0, 0, 0, 0, 0, 0, 0, 0, 0, 0, 0, 0, 0, 0, 0, 4, 3, 22, 0, 0, 2, 8, 39, 0, 0, 0, 7, 0, 10, 0, 0, 17, 0, 0, 0, 4, 0, 0, 0, 183, 1, 13, 1, 6, 2, 52, 0, 1, 1, 0, 0, 0, 0, 0, 0, 0, 0, 0, 0, 0, 0, 0, 0, 0, 0, 0, 0, 175, 0, 2, 8, 1, 0, 4, 4, 1, 0, 0, 0, 0, 5, 0, 0, 0, 0, 1, 0, 0, 0, 27, 0, 0, 0, 8, 1, 114, 2, 10, 0, 17, 2, 1, 0, 0, 0, 0, 0, 0, 0, 1, 0, 0, 1, 0, 0, 0, 3, 0, 0, 0, 6, 11, 3, 15, 15, 21, 12, 4, 14, 26, 12, 0, 0, 0, 31, 0, 11, 0, 0, 10, 0, 0, 0, 20, 0, 0, 0, 4, 6, 2, 84, 8, 16, 4, 8, 20, 12, 3, 0, 0, 0, 4, 0, 15, 0, 0, 7, 0, 0, 0, 15, 0, 0, 0, 1, 1, 0, 6, 4, 13, 1, 2, 5, 5, 9, 0, 0, 0, 3, 0, 40, 0, 0, 11, 0, 0, 0, 9, 0, 0, 0, 0, 2, 0, 5, 1, 13, 1, 8, 3, 10, 16, 0, 0, 0, 4, 0, 27, 0, 0, 81, 0, 0, 0, 18, 0, 0, 0, 0, 2, 0, 4, 1, 9, 1, 7, 2, 9, 13, 0, 0, 0, 4, 0, 22, 0, 0, 65, 0, 0, 0, 15, 0, 0, 0, 0, 0, 0, 0, 0, 0, 0, 0, 0, 0, 0, 0, 0, 0, 0, 0, 0, 0, 0, 0, 0, 0, 0, 0, 0, 0, 0, 10, 7, 11, 12, 157, 1, 42, 7, 11, 2, 0, 0, 0, 0, 6, 0, 0, 0, 0, 1, 0, 0, 0, 7, 0, 0, 0, 0, 1, 0, 12, 2, 51, 0, 1, 2, 8, 8, 0, 0, 0, 5, 0, 12, 0, 0, 11, 0, 0, 0, 2, 0, 0, 0, 53, 6, 20, 4, 50, 1, 166, 0, 10, 0, 0, 0, 0, 0, 0, 0, 0, 0, 0, 0, 0, 0, 0, 0, 0, 0, 0, 3, 56, 0, 16, 6, 6, 2, 3, 7, 10, 2, 0, 0, 0, 5, 0, 6, 0, 0, 5, 0, 0, 0, 88, 0, 0, 0, 0, 6, 2, 17, 10, 6, 0, 121, 6, 1, 2, 0, 0, 0, 4, 0, 1, 0, 0, 11, 0, 0, 0, 5, 0, 0, 0, 0, 8, 2, 22, 4, 5, 1, 5, 81, 2, 1, 0, 0, 0, 1, 0, 0, 0, 0, 5, 0, 0, 0, 4, 0, 0, 0, 0, 4, 1, 8, 1, 14, 0, 0, 0, 194, 3, 0, 0, 0, 6, 0, 10, 0, 0, 9, 0, 0, 0, 6, 0, 0, 0]",27,27
"[0, 0, 0, 0, 0, 0, 0, 0, 0, 0, 0, 0, 0, 0, 0, 0, 0, 0, 0, 0, 0, 0, 0, 0, 0, 0, 0, 0, 0, 0, 0, 0, 0, 0, 0, 0, 0, 0, 0, 0, 0, 0, 0, 0, 0, 0, 0, 0, 0, 0, 0, 0, 0, 0, 0, 0, 0, 0, 0, 0, 0, 0, 0, 0, 0, 0, 0, 0, 0, 0, 0, 0, 0, 0, 0, 0, 0, 0, 0, 0, 0, 0, 0, 0, 0, 0, 0, 0, 0, 0, 0, 0, 0, 0, 0, 0, 0, 0, 0, 0, 0, 0, 0, 0, 0, 0, 0, 0, 0, 0, 0, 0, 0, 0, 0, 0, 0, 0, 0, 0, 0, 0, 0, 0, 0, 0, 0, 0, 0, 0, 0, 0, 0, 0, 0, 0, 0, 0, 0, 0, 0, 0, 0, 0, 0, 0, 0, 0, 0, 0, 0, 0, 0, 0, 0, 0, 0, 0, 0, 0, 0, 0, 0, 0, 0, 0, 0, 0, 0, 0, 0, 0, 0, 0, 0, 0, 0, 0, 0, 0, 0, 0, 0, 0, 0, 0, 0, 0, 0, 0, 0, 0, 0, 0, 0, 0, 0, 0, 0, 0, 0, 0, 0, 0, 0, 0, 0, 0, 0, 0, 0, 0, 0, 0, 0, 0, 0, 0, 0, 0, 0, 0, 0, 0, 0, 0, 0, 0, 0, 0, 0, 0, 0, 0, 0, 0, 0, 0, 0, 0, 0, 0, 0, 0, 0, 0, 0, 0, 0, 0, 0, 0, 0, 0, 0, 0, 0, 0, 0, 0, 0, 0, 0, 0, 0, 0, 0, 0, 0, 0, 15, 9, 10, 9, 4, 1, 2, 0, 8, 1, 18, 0, 0, 0, 6, 0, 12, 0, 0, 8, 0, 0, 0, 13, 0, 0, 0, 49, 28, 51, 17, 25, 13, 12, 3, 8, 8, 12, 0, 0, 0, 3, 0, 12, 0, 0, 5, 0, 0, 0, 14, 0, 0, 0, 9, 90, 12, 9, 15, 14, 9, 3, 4, 2, 3, 0, 0, 0, 8, 0, 10, 0, 0, 5, 0, 0, 0, 35, 0, 0, 0, 11, 5, 110, 3, 9, 0, 5, 2, 0, 2, 5, 0, 0, 0, 2, 0, 4, 0, 0, 0, 0, 0, 0, 2, 0, 0, 0, 17, 21, 35, 5, 14, 8, 2, 11, 30, 5, 22, 0, 0, 0, 13, 0, 7, 0, 0, 3, 0, 0, 0, 18, 0, 0, 0, 21, 16, 19, 27, 10, 21, 6, 5, 5, 23, 5, 0, 0, 0, 7, 0, 13, 0, 0, 8, 0, 0, 0, 22, 0, 0, 0, 9, 11, 6, 5, 4, 3, 5, 1, 9, 4, 11, 0, 0, 0, 3, 0, 23, 0, 0, 3, 0, 0, 0, 13, 0, 0, 0, 8, 19, 7, 13, 13, 5, 1, 1, 20, 3, 27, 0, 0, 0, 5, 0, 12, 0, 0, 17, 0, 0, 0, 38, 0, 0, 0, 5, 17, 5, 11, 9, 4, 1, 1, 16, 3, 21, 0, 0, 0, 4, 0, 11, 0, 0, 17, 0, 0, 0, 29, 0, 0, 0, 0, 0, 0, 0, 0, 0, 0, 0, 0, 0, 0, 0, 0, 0, 0, 0, 0, 0, 0, 0, 0, 0, 0, 0, 0, 0, 0, 46, 19, 54, 14, 44, 12, 11, 3, 7, 22, 14, 0, 0, 0, 3, 0, 10, 0, 0, 9, 0, 0, 0, 6, 0, 0, 0, 12, 12, 5, 3, 5, 35, 3, 0, 5, 8, 12, 0, 0, 0, 4, 0, 1, 0, 0, 2, 0, 0, 0, 8, 0, 0, 0, 45, 45, 41, 15, 29, 15, 31, 6, 11, 12, 7, 0, 0, 0, 7, 0, 22, 0, 0, 4, 0, 0, 0, 20, 0, 0, 0, 2, 32, 1, 4, 3, 6, 1, 1, 15, 4, 10, 0, 0, 0, 3, 0, 8, 0, 0, 9, 0, 0, 0, 116, 0, 0, 0, 22, 8, 17, 16, 22, 2, 5, 48, 12, 8, 5, 0, 0, 0, 9, 0, 6, 0, 0, 4, 0, 0, 0, 8, 0, 0, 0, 5, 4, 4, 3, 3, 5, 0, 3, 76, 5, 7, 0, 0, 0, 4, 0, 6, 0, 0, 3, 0, 0, 0, 13, 0, 0, 0, 20, 19, 44, 25, 21, 24, 5, 6, 14, 26, 15, 0, 0, 0, 6, 0, 11, 0, 0, 9, 0, 0, 0, 11, 0, 0, 0]",27,27
"[0, 0, 0, 0, 0, 0, 0, 0, 0, 0, 0, 0, 0, 0, 0, 0, 0, 0, 0, 0, 0, 0, 0, 0, 0, 0, 0, 0, 0, 0, 0, 0, 0, 0, 0, 0, 0, 0, 0, 0, 0, 0, 0, 0, 0, 0, 0, 0, 0, 0, 0, 0, 0, 0, 0, 0, 0, 0, 0, 0, 0, 0, 0, 0, 0, 0, 0, 0, 0, 0, 0, 0, 0, 0, 0, 0, 0, 0, 0, 0, 0, 0, 0, 0, 0, 0, 0, 0, 0, 0, 0, 0, 0, 0, 0, 0, 0, 0, 0, 0, 0, 0, 0, 0, 0, 0, 0, 0, 0, 0, 0, 0, 0, 0, 0, 0, 0, 0, 0, 0, 0, 0, 0, 0, 0, 0, 0, 0, 0, 0, 0, 0, 0, 0, 0, 0, 0, 0, 0, 0, 0, 0, 0, 0, 0, 0, 0, 0, 0, 0, 0, 0, 0, 0, 0, 0, 0, 0, 0, 0, 0, 0, 0, 0, 0, 0, 0, 0, 0, 0, 0, 0, 0, 0, 0, 0, 0, 0, 0, 0, 0, 0, 0, 0, 0, 0, 0, 0, 0, 0, 0, 0, 0, 0, 0, 0, 0, 0, 0, 0, 0, 0, 0, 0, 0, 0, 0, 0, 0, 0, 0, 0, 0, 0, 0, 0, 0, 0, 0, 0, 0, 0, 0, 0, 0, 0, 0, 0, 0, 0, 0, 0, 0, 0, 0, 0, 0, 0, 0, 0, 0, 0, 0, 0, 0, 0, 0, 0, 0, 0, 0, 0, 0, 0, 0, 0, 0, 0, 0, 0, 0, 0, 0, 0, 0, 0, 0, 0, 0, 0, 15, 9, 10, 9, 4, 1, 2, 0, 8, 1, 18, 0, 0, 0, 6, 0, 12, 0, 0, 8, 0, 0, 0, 13, 0, 0, 0, 49, 28, 51, 17, 25, 13, 12, 3, 8, 8, 12, 0, 0, 0, 3, 0, 12, 0, 0, 5, 0, 0, 0, 14, 0, 0, 0, 9, 90, 12, 9, 15, 14, 9, 3, 4, 2, 3, 0, 0, 0, 8, 0, 10, 0, 0, 5, 0, 0, 0, 35, 0, 0, 0, 11, 5, 110, 3, 9, 0, 5, 2, 0, 2, 5, 0, 0, 0, 2, 0, 4, 0, 0, 0, 0, 0, 0, 2, 0, 0, 0, 17, 21, 35, 5, 14, 8, 2, 11, 30, 5, 22, 0, 0, 0, 13, 0, 7, 0, 0, 3, 0, 0, 0, 18, 0, 0, 0, 21, 16, 19, 27, 10, 21, 6, 5, 5, 23, 5, 0, 0, 0, 7, 0, 13, 0, 0, 8, 0, 0, 0, 22, 0, 0, 0, 9, 11, 6, 5, 4, 3, 5, 1, 9, 4, 11, 0, 0, 0, 3, 0, 23, 0, 0, 3, 0, 0, 0, 13, 0, 0, 0, 8, 19, 7, 13, 13, 5, 1, 1, 20, 3, 27, 0, 0, 0, 5, 0, 12, 0, 0, 17, 0, 0, 0, 38, 0, 0, 0, 5, 17, 5, 11, 9, 4, 1, 1, 16, 3, 21, 0, 0, 0, 4, 0, 11, 0, 0, 17, 0, 0, 0, 29, 0, 0, 0, 0, 0, 0, 0, 0, 0, 0, 0, 0, 0, 0, 0, 0, 0, 0, 0, 0, 0, 0, 0, 0, 0, 0, 0, 0, 0, 0, 46, 19, 54, 14, 44, 12, 11, 3, 7, 22, 14, 0, 0, 0, 3, 0, 10, 0, 0, 9, 0, 0, 0, 6, 0, 0, 0, 12, 12, 5, 3, 5, 35, 3, 0, 5, 8, 12, 0, 0, 0, 4, 0, 1, 0, 0, 2, 0, 0, 0, 8, 0, 0, 0, 45, 45, 41, 15, 29, 15, 31, 6, 11, 12, 7, 0, 0, 0, 7, 0, 22, 0, 0, 4, 0, 0, 0, 20, 0, 0, 0, 2, 32, 1, 4, 3, 6, 1, 1, 15, 4, 10, 0, 0, 0, 3, 0, 8, 0, 0, 9, 0, 0, 0, 116, 0, 0, 0, 22, 8, 17, 16, 22, 2, 5, 48, 12, 8, 5, 0, 0, 0, 9, 0, 6, 0, 0, 4, 0, 0, 0, 8, 0, 0, 0, 5, 4, 4, 3, 3, 5, 0, 3, 76, 5, 7, 0, 0, 0, 4, 0, 6, 0, 0, 3, 0, 0, 0, 13, 0, 0, 0, 20, 19, 44, 25, 21, 24, 5, 6, 14, 26, 15, 0, 0, 0, 6, 0, 11, 0, 0, 9, 0, 0, 0, 11, 0, 0, 0]",27,27
"[0, 0, 0, 0, 0, 0, 0, 0, 0, 0, 0, 0, 0, 0, 0, 0, 0, 0, 0, 0, 0, 0, 0, 0, 0, 0, 0, 0, 0, 0, 0, 0, 0, 0, 0, 0, 0, 0, 0, 0, 0, 0, 0, 0, 0, 0, 0, 0, 0, 0, 0, 0, 0, 0, 0, 0, 0, 0, 0, 0, 0, 0, 0, 0, 0, 0, 0, 0, 0, 0, 0, 0, 0, 0, 0, 0, 0, 0, 0, 0, 0, 0, 0, 0, 0, 0, 0, 0, 0, 0, 0, 0, 0, 0, 0, 0, 0, 0, 0, 0, 0, 0, 0, 0, 0, 0, 0, 0, 0, 0, 0, 0, 0, 0, 0, 0, 0, 0, 0, 0, 0, 0, 0, 0, 0, 0, 0, 0, 0, 0, 0, 0, 0, 0, 0, 0, 0, 0, 0, 0, 0, 0, 0, 0, 0, 0, 0, 0, 0, 0, 0, 0, 0, 0, 0, 0, 0, 0, 0, 0, 0, 0, 0, 0, 0, 0, 0, 0, 0, 0, 0, 0, 0, 0, 0, 0, 0, 0, 0, 0, 0, 0, 0, 0, 0, 0, 0, 0, 0, 0, 0, 0, 0, 0, 0, 0, 0, 0, 0, 0, 0, 0, 0, 0, 0, 0, 0, 0, 0, 0, 0, 0, 0, 0, 0, 0, 0, 0, 0, 0, 0, 0, 0, 0, 0, 0, 0, 0, 0, 0, 0, 0, 0, 0, 0, 0, 0, 0, 0, 0, 0, 0, 0, 0, 0, 0, 0, 0, 0, 0, 0, 0, 0, 0, 0, 0, 0, 0, 0, 0, 0, 0, 0, 0, 0, 0, 0, 0, 0, 0, 15, 9, 10, 9, 4, 1, 2, 0, 8, 1, 18, 0, 0, 0, 6, 0, 12, 0, 0, 8, 0, 0, 0, 13, 0, 0, 0, 49, 28, 51, 17, 25, 13, 12, 3, 8, 8, 12, 0, 0, 0, 3, 0, 12, 0, 0, 5, 0, 0, 0, 14, 0, 0, 0, 9, 90, 12, 9, 15, 14, 9, 3, 4, 2, 3, 0, 0, 0, 8, 0, 10, 0, 0, 5, 0, 0, 0, 35, 0, 0, 0, 11, 5, 110, 3, 9, 0, 5, 2, 0, 2, 5, 0, 0, 0, 2, 0, 4, 0, 0, 0, 0, 0, 0, 2, 0, 0, 0, 17, 21, 35, 5, 14, 8, 2, 11, 30, 5, 22, 0, 0, 0, 13, 0, 7, 0, 0, 3, 0, 0, 0, 18, 0, 0, 0, 21, 16, 19, 27, 10, 21, 6, 5, 5, 23, 5, 0, 0, 0, 7, 0, 13, 0, 0, 8, 0, 0, 0, 22, 0, 0, 0, 9, 11, 6, 5, 4, 3, 5, 1, 9, 4, 11, 0, 0, 0, 3, 0, 23, 0, 0, 3, 0, 0, 0, 13, 0, 0, 0, 8, 19, 7, 13, 13, 5, 1, 1, 20, 3, 27, 0, 0, 0, 5, 0, 12, 0, 0, 17, 0, 0, 0, 38, 0, 0, 0, 5, 17, 5, 11, 9, 4, 1, 1, 16, 3, 21, 0, 0, 0, 4, 0, 11, 0, 0, 17, 0, 0, 0, 29, 0, 0, 0, 0, 0, 0, 0, 0, 0, 0, 0, 0, 0, 0, 0, 0, 0, 0, 0, 0, 0, 0, 0, 0, 0, 0, 0, 0, 0, 0, 46, 19, 54, 14, 44, 12, 11, 3, 7, 22, 14, 0, 0, 0, 3, 0, 10, 0, 0, 9, 0, 0, 0, 6, 0, 0, 0, 12, 12, 5, 3, 5, 35, 3, 0, 5, 8, 12, 0, 0, 0, 4, 0, 1, 0, 0, 2, 0, 0, 0, 8, 0, 0, 0, 45, 45, 41, 15, 29, 15, 31, 6, 11, 12, 7, 0, 0, 0, 7, 0, 22, 0, 0, 4, 0, 0, 0, 20, 0, 0, 0, 2, 32, 1, 4, 3, 6, 1, 1, 15, 4, 10, 0, 0, 0, 3, 0, 8, 0, 0, 9, 0, 0, 0, 116, 0, 0, 0, 22, 8, 17, 16, 22, 2, 5, 48, 12, 8, 5, 0, 0, 0, 9, 0, 6, 0, 0, 4, 0, 0, 0, 8, 0, 0, 0, 5, 4, 4, 3, 3, 5, 0, 3, 76, 5, 7, 0, 0, 0, 4, 0, 6, 0, 0, 3, 0, 0, 0, 13, 0, 0, 0, 20, 19, 44, 25, 21, 24, 5, 6, 14, 26, 15, 0, 0, 0, 6, 0, 11, 0, 0, 9, 0, 0, 0, 11, 0, 0, 0]",27,27
"[0, 0, 0, 0, 0, 0, 0, 0, 0, 0, 0, 0, 0, 0, 0, 0, 0, 0, 0, 0, 0, 0, 0, 0, 0, 0, 0, 0, 0, 0, 0, 0, 0, 0, 0, 0, 0, 0, 0, 0, 0, 0, 0, 0, 0, 0, 0, 0, 0, 0, 0, 0, 0, 0, 0, 0, 0, 0, 0, 0, 0, 0, 0, 0, 0, 0, 0, 0, 0, 0, 0, 0, 0, 0, 0, 0, 0, 0, 0, 0, 0, 0, 0, 0, 0, 0, 0, 0, 0, 0, 0, 0, 0, 0, 0, 0, 0, 0, 0, 0, 0, 0, 0, 0, 0, 0, 0, 0, 0, 0, 0, 0, 0, 0, 0, 0, 0, 0, 0, 0, 0, 0, 0, 0, 0, 0, 0, 0, 0, 0, 0, 0, 0, 0, 0, 0, 0, 0, 0, 0, 0, 0, 0, 0, 0, 0, 0, 0, 0, 0, 0, 0, 0, 0, 0, 0, 0, 0, 0, 0, 0, 0, 0, 0, 0, 0, 0, 0, 0, 0, 0, 0, 0, 0, 0, 0, 0, 0, 0, 0, 0, 0, 0, 0, 0, 0, 0, 0, 0, 0, 0, 0, 0, 0, 0, 0, 0, 0, 0, 0, 0, 0, 0, 0, 0, 0, 0, 0, 0, 0, 0, 0, 0, 0, 0, 0, 0, 0, 0, 0, 0, 0, 0, 0, 0, 0, 0, 0, 0, 0, 0, 0, 0, 0, 0, 0, 0, 0, 0, 0, 0, 0, 0, 0, 0, 0, 0, 0, 0, 0, 0, 0, 0, 0, 0, 0, 0, 0, 0, 0, 0, 0, 0, 0, 0, 0, 0, 0, 0, 0, 9, 3, 7, 9, 6, 14, 5, 2, 10, 11, 12, 0, 0, 0, 6, 0, 7, 0, 0, 10, 0, 0, 0, 5, 0, 0, 0, 136, 8, 44, 4, 9, 11, 25, 1, 0, 6, 4, 0, 0, 0, 4, 0, 3, 0, 0, 4, 0, 0, 0, 1, 0, 0, 0, 16, 28, 7, 7, 20, 5, 13, 6, 5, 5, 4, 0, 0, 0, 8, 0, 4, 0, 0, 3, 0, 0, 0, 97, 0, 0, 0, 58, 3, 45, 4, 8, 1, 13, 4, 3, 4, 4, 0, 0, 0, 5, 0, 1, 0, 0, 4, 0, 0, 0, 3, 0, 0, 0, 6, 7, 9, 14, 9, 6, 9, 10, 14, 6, 6, 0, 0, 0, 10, 0, 7, 0, 0, 11, 0, 0, 0, 87, 0, 0, 0, 10, 11, 6, 30, 9, 9, 10, 10, 31, 8, 7, 0, 0, 0, 7, 0, 16, 0, 0, 8, 0, 0, 0, 36, 0, 0, 0, 9, 1, 4, 11, 3, 7, 1, 7, 13, 8, 16, 0, 0, 0, 2, 0, 3, 0, 0, 8, 0, 0, 0, 17, 0, 0, 0, 8, 4, 5, 14, 12, 15, 12, 3, 18, 10, 18, 0, 0, 0, 7, 0, 10, 0, 0, 24, 0, 0, 0, 29, 0, 0, 0, 7, 3, 5, 12, 9, 12, 11, 2, 12, 9, 16, 0, 0, 0, 6, 0, 7, 0, 0, 19, 0, 0, 0, 24, 0, 0, 0, 0, 0, 0, 0, 0, 0, 0, 0, 0, 0, 0, 0, 0, 0, 0, 0, 0, 0, 0, 0, 0, 0, 0, 0, 0, 0, 0, 35, 11, 20, 18, 34, 10, 17, 6, 19, 8, 9, 0, 0, 0, 10, 0, 10, 0, 0, 10, 0, 0, 0, 57, 0, 0, 0, 12, 1, 11, 5, 5, 17, 5, 2, 12, 11, 5, 0, 0, 0, 7, 0, 6, 0, 0, 5, 0, 0, 0, 11, 0, 0, 0, 125, 11, 34, 15, 16, 5, 41, 4, 8, 10, 8, 0, 0, 0, 5, 0, 6, 0, 0, 4, 0, 0, 0, 18, 0, 0, 0, 1, 7, 0, 3, 0, 0, 0, 2, 21, 2, 2, 0, 0, 0, 3, 0, 3, 0, 0, 4, 0, 0, 0, 167, 0, 0, 0, 7, 14, 7, 24, 18, 4, 7, 21, 16, 8, 6, 0, 0, 0, 15, 0, 11, 0, 0, 7, 0, 0, 0, 27, 0, 0, 0, 1, 2, 0, 8, 2, 0, 1, 2, 52, 2, 6, 0, 0, 0, 6, 0, 6, 0, 0, 2, 0, 0, 0, 51, 0, 0, 0, 26, 11, 16, 8, 14, 30, 14, 7, 20, 22, 10, 0, 0, 0, 9, 0, 11, 0, 0, 13, 0, 0, 0, 45, 0, 0, 0]",27,27
"[0, 0, 0, 0, 0, 0, 0, 0, 0, 0, 0, 0, 0, 0, 0, 0, 0, 0, 0, 0, 0, 0, 0, 0, 0, 0, 0, 0, 0, 0, 0, 0, 0, 0, 0, 0, 0, 0, 0, 0, 0, 0, 0, 0, 0, 0, 0, 0, 0, 0, 0, 0, 0, 0, 0, 0, 0, 0, 0, 0, 0, 0, 0, 0, 0, 0, 0, 0, 0, 0, 0, 0, 0, 0, 0, 0, 0, 0, 0, 0, 0, 0, 0, 0, 0, 0, 0, 0, 0, 0, 0, 0, 0, 0, 0, 0, 0, 0, 0, 0, 0, 0, 0, 0, 0, 0, 0, 0, 0, 0, 0, 0, 0, 0, 0, 0, 0, 0, 0, 0, 0, 0, 0, 0, 0, 0, 0, 0, 0, 0, 0, 0, 0, 0, 0, 0, 0, 0, 0, 0, 0, 0, 0, 0, 0, 0, 0, 0, 0, 0, 0, 0, 0, 0, 0, 0, 0, 0, 0, 0, 0, 0, 0, 0, 0, 0, 0, 0, 0, 0, 0, 0, 0, 0, 0, 0, 0, 0, 0, 0, 0, 0, 0, 0, 0, 0, 0, 0, 0, 0, 0, 0, 0, 0, 0, 0, 0, 0, 0, 0, 0, 0, 0, 0, 0, 0, 0, 0, 0, 0, 0, 0, 0, 0, 0, 0, 0, 0, 0, 0, 0, 0, 0, 0, 0, 0, 0, 0, 0, 0, 0, 0, 0, 0, 0, 0, 0, 0, 0, 0, 0, 0, 0, 0, 0, 0, 0, 0, 0, 0, 0, 0, 0, 0, 0, 0, 0, 0, 0, 0, 0, 0, 0, 0, 0, 0, 0, 0, 0, 0, 9, 3, 7, 9, 6, 14, 5, 2, 10, 11, 12, 0, 0, 0, 6, 0, 7, 0, 0, 10, 0, 0, 0, 5, 0, 0, 0, 136, 8, 44, 4, 9, 11, 25, 1, 0, 6, 4, 0, 0, 0, 4, 0, 3, 0, 0, 4, 0, 0, 0, 1, 0, 0, 0, 16, 28, 7, 7, 20, 5, 13, 6, 5, 5, 4, 0, 0, 0, 8, 0, 4, 0, 0, 3, 0, 0, 0, 97, 0, 0, 0, 58, 3, 45, 4, 8, 1, 13, 4, 3, 4, 4, 0, 0, 0, 5, 0, 1, 0, 0, 4, 0, 0, 0, 3, 0, 0, 0, 6, 7, 9, 14, 9, 6, 9, 10, 14, 6, 6, 0, 0, 0, 10, 0, 7, 0, 0, 11, 0, 0, 0, 87, 0, 0, 0, 10, 11, 6, 30, 9, 9, 10, 10, 31, 8, 7, 0, 0, 0, 7, 0, 16, 0, 0, 8, 0, 0, 0, 36, 0, 0, 0, 9, 1, 4, 11, 3, 7, 1, 7, 13, 8, 16, 0, 0, 0, 2, 0, 3, 0, 0, 8, 0, 0, 0, 17, 0, 0, 0, 8, 4, 5, 14, 12, 15, 12, 3, 18, 10, 18, 0, 0, 0, 7, 0, 10, 0, 0, 24, 0, 0, 0, 29, 0, 0, 0, 7, 3, 5, 12, 9, 12, 11, 2, 12, 9, 16, 0, 0, 0, 6, 0, 7, 0, 0, 19, 0, 0, 0, 24, 0, 0, 0, 0, 0, 0, 0, 0, 0, 0, 0, 0, 0, 0, 0, 0, 0, 0, 0, 0, 0, 0, 0, 0, 0, 0, 0, 0, 0, 0, 35, 11, 20, 18, 34, 10, 17, 6, 19, 8, 9, 0, 0, 0, 10, 0, 10, 0, 0, 10, 0, 0, 0, 57, 0, 0, 0, 12, 1, 11, 5, 5, 17, 5, 2, 12, 11, 5, 0, 0, 0, 7, 0, 6, 0, 0, 5, 0, 0, 0, 11, 0, 0, 0, 125, 11, 34, 15, 16, 5, 41, 4, 8, 10, 8, 0, 0, 0, 5, 0, 6, 0, 0, 4, 0, 0, 0, 18, 0, 0, 0, 1, 7, 0, 3, 0, 0, 0, 2, 21, 2, 2, 0, 0, 0, 3, 0, 3, 0, 0, 4, 0, 0, 0, 167, 0, 0, 0, 7, 14, 7, 24, 18, 4, 7, 21, 16, 8, 6, 0, 0, 0, 15, 0, 11, 0, 0, 7, 0, 0, 0, 27, 0, 0, 0, 1, 2, 0, 8, 2, 0, 1, 2, 52, 2, 6, 0, 0, 0, 6, 0, 6, 0, 0, 2, 0, 0, 0, 51, 0, 0, 0, 26, 11, 16, 8, 14, 30, 14, 7, 20, 22, 10, 0, 0, 0, 9, 0, 11, 0, 0, 13, 0, 0, 0, 45, 0, 0, 0]",27,27
"[0, 0, 0, 0, 0, 0, 0, 0, 0, 0, 0, 0, 0, 0, 0, 0, 0, 0, 0, 0, 0, 0, 0, 0, 0, 0, 0, 0, 0, 0, 0, 0, 0, 0, 0, 0, 0, 0, 0, 0, 0, 0, 0, 0, 0, 0, 0, 0, 0, 0, 0, 0, 0, 0, 0, 0, 0, 0, 0, 0, 0, 0, 0, 0, 0, 0, 0, 0, 0, 0, 0, 0, 0, 0, 0, 0, 0, 0, 0, 0, 0, 0, 0, 0, 0, 0, 0, 0, 0, 0, 0, 0, 0, 0, 0, 0, 0, 0, 0, 0, 0, 0, 0, 0, 0, 0, 0, 0, 0, 0, 0, 0, 0, 0, 0, 0, 0, 0, 0, 0, 0, 0, 0, 0, 0, 0, 0, 0, 0, 0, 0, 0, 0, 0, 0, 0, 0, 0, 0, 0, 0, 0, 0, 0, 0, 0, 0, 0, 0, 0, 0, 0, 0, 0, 0, 0, 0, 0, 0, 0, 0, 0, 0, 0, 0, 0, 0, 0, 0, 0, 0, 0, 0, 0, 0, 0, 0, 0, 0, 0, 0, 0, 0, 0, 0, 0, 0, 0, 0, 0, 0, 0, 0, 0, 0, 0, 0, 0, 0, 0, 0, 0, 0, 0, 0, 0, 0, 0, 0, 0, 0, 0, 0, 0, 0, 0, 0, 0, 0, 0, 0, 0, 0, 0, 0, 0, 0, 0, 0, 0, 0, 0, 0, 0, 0, 0, 0, 0, 0, 0, 0, 0, 0, 0, 0, 0, 0, 0, 0, 0, 0, 0, 0, 0, 0, 0, 0, 0, 0, 0, 0, 0, 0, 0, 0, 0, 0, 0, 0, 0, 9, 3, 7, 9, 6, 14, 5, 2, 10, 11, 12, 0, 0, 0, 6, 0, 7, 0, 0, 10, 0, 0, 0, 5, 0, 0, 0, 136, 8, 44, 4, 9, 11, 25, 1, 0, 6, 4, 0, 0, 0, 4, 0, 3, 0, 0, 4, 0, 0, 0, 1, 0, 0, 0, 16, 28, 7, 7, 20, 5, 13, 6, 5, 5, 4, 0, 0, 0, 8, 0, 4, 0, 0, 3, 0, 0, 0, 97, 0, 0, 0, 58, 3, 45, 4, 8, 1, 13, 4, 3, 4, 4, 0, 0, 0, 5, 0, 1, 0, 0, 4, 0, 0, 0, 3, 0, 0, 0, 6, 7, 9, 14, 9, 6, 9, 10, 14, 6, 6, 0, 0, 0, 10, 0, 7, 0, 0, 11, 0, 0, 0, 87, 0, 0, 0, 10, 11, 6, 30, 9, 9, 10, 10, 31, 8, 7, 0, 0, 0, 7, 0, 16, 0, 0, 8, 0, 0, 0, 36, 0, 0, 0, 9, 1, 4, 11, 3, 7, 1, 7, 13, 8, 16, 0, 0, 0, 2, 0, 3, 0, 0, 8, 0, 0, 0, 17, 0, 0, 0, 8, 4, 5, 14, 12, 15, 12, 3, 18, 10, 18, 0, 0, 0, 7, 0, 10, 0, 0, 24, 0, 0, 0, 29, 0, 0, 0, 7, 3, 5, 12, 9, 12, 11, 2, 12, 9, 16, 0, 0, 0, 6, 0, 7, 0, 0, 19, 0, 0, 0, 24, 0, 0, 0, 0, 0, 0, 0, 0, 0, 0, 0, 0, 0, 0, 0, 0, 0, 0, 0, 0, 0, 0, 0, 0, 0, 0, 0, 0, 0, 0, 35, 11, 20, 18, 34, 10, 17, 6, 19, 8, 9, 0, 0, 0, 10, 0, 10, 0, 0, 10, 0, 0, 0, 57, 0, 0, 0, 12, 1, 11, 5, 5, 17, 5, 2, 12, 11, 5, 0, 0, 0, 7, 0, 6, 0, 0, 5, 0, 0, 0, 11, 0, 0, 0, 125, 11, 34, 15, 16, 5, 41, 4, 8, 10, 8, 0, 0, 0, 5, 0, 6, 0, 0, 4, 0, 0, 0, 18, 0, 0, 0, 1, 7, 0, 3, 0, 0, 0, 2, 21, 2, 2, 0, 0, 0, 3, 0, 3, 0, 0, 4, 0, 0, 0, 167, 0, 0, 0, 7, 14, 7, 24, 18, 4, 7, 21, 16, 8, 6, 0, 0, 0, 15, 0, 11, 0, 0, 7, 0, 0, 0, 27, 0, 0, 0, 1, 2, 0, 8, 2, 0, 1, 2, 52, 2, 6, 0, 0, 0, 6, 0, 6, 0, 0, 2, 0, 0, 0, 51, 0, 0, 0, 26, 11, 16, 8, 14, 30, 14, 7, 20, 22, 10, 0, 0, 0, 9, 0, 11, 0, 0, 13, 0, 0, 0, 45, 0, 0, 0]",27,27
"[0, 0, 0, 0, 0, 0, 0, 0, 0, 0, 0, 0, 0, 0, 0, 0, 0, 0, 0, 0, 0, 0, 0, 0, 0, 0, 0, 0, 0, 0, 0, 0, 0, 0, 0, 0, 0, 0, 0, 0, 0, 0, 0, 0, 0, 0, 0, 0, 0, 0, 0, 0, 0, 0, 0, 0, 0, 0, 0, 0, 0, 0, 0, 0, 0, 0, 0, 0, 0, 0, 0, 0, 0, 0, 0, 0, 0, 0, 0, 0, 0, 0, 0, 0, 0, 0, 0, 0, 0, 0, 0, 0, 0, 0, 0, 0, 0, 0, 0, 0, 0, 0, 0, 0, 0, 0, 0, 0, 0, 0, 0, 0, 0, 0, 0, 0, 0, 0, 0, 0, 0, 0, 0, 0, 0, 0, 0, 0, 0, 0, 0, 0, 0, 0, 0, 0, 0, 0, 0, 0, 0, 0, 0, 0, 0, 0, 0, 0, 0, 0, 0, 0, 0, 0, 0, 0, 0, 0, 0, 0, 0, 0, 0, 0, 0, 0, 0, 0, 0, 0, 0, 0, 0, 0, 0, 0, 0, 0, 0, 0, 0, 0, 0, 0, 0, 0, 0, 0, 0, 0, 0, 0, 0, 0, 0, 0, 0, 0, 0, 0, 0, 0, 0, 0, 0, 0, 0, 0, 0, 0, 0, 0, 0, 0, 0, 0, 0, 0, 0, 0, 0, 0, 0, 0, 0, 0, 0, 0, 0, 0, 0, 0, 0, 0, 0, 0, 0, 0, 0, 0, 0, 0, 0, 0, 0, 0, 0, 0, 0, 0, 0, 0, 0, 0, 0, 0, 0, 0, 0, 0, 0, 0, 0, 0, 0, 0, 0, 0, 0, 0, 7, 1, 4, 14, 7, 5, 4, 6, 23, 5, 7, 0, 0, 0, 4, 0, 7, 0, 0, 5, 0, 0, 0, 17, 0, 0, 0, 42, 6, 90, 5, 18, 8, 11, 12, 21, 13, 13, 0, 0, 0, 2, 0, 7, 0, 0, 7, 0, 0, 0, 5, 0, 0, 0, 18, 6, 25, 18, 7, 7, 13, 5, 40, 11, 5, 0, 0, 0, 0, 0, 8, 0, 0, 7, 0, 0, 0, 58, 0, 0, 0, 19, 4, 63, 7, 5, 2, 12, 21, 12, 3, 2, 0, 0, 0, 2, 0, 3, 0, 0, 2, 0, 0, 0, 3, 0, 0, 0, 5, 2, 2, 8, 5, 6, 2, 12, 54, 12, 5, 0, 0, 0, 12, 0, 2, 0, 0, 5, 0, 0, 0, 79, 0, 0, 0, 2, 2, 3, 18, 6, 1, 3, 11, 54, 12, 3, 0, 0, 0, 7, 0, 5, 0, 0, 8, 0, 0, 0, 73, 0, 0, 0, 3, 2, 3, 4, 3, 8, 0, 5, 22, 8, 6, 0, 0, 0, 3, 0, 7, 0, 0, 6, 0, 0, 0, 30, 0, 0, 0, 1, 3, 3, 17, 4, 6, 1, 2, 46, 11, 3, 0, 0, 0, 0, 0, 15, 0, 0, 16, 0, 0, 0, 61, 0, 0, 0, 1, 3, 3, 15, 4, 3, 1, 1, 37, 6, 2, 0, 0, 0, 0, 0, 14, 0, 0, 14, 0, 0, 0, 50, 0, 0, 0, 0, 0, 0, 0, 0, 0, 0, 0, 0, 0, 0, 0, 0, 0, 0, 0, 0, 0, 0, 0, 0, 0, 0, 0, 0, 0, 0, 19, 7, 26, 18, 13, 4, 12, 17, 50, 22, 14, 0, 0, 0, 6, 0, 14, 0, 0, 8, 0, 0, 0, 44, 0, 0, 0, 2, 4, 5, 6, 6, 9, 1, 2, 27, 8, 4, 0, 0, 0, 1, 0, 4, 0, 0, 7, 0, 0, 0, 29, 0, 0, 0, 35, 7, 67, 15, 14, 9, 31, 38, 25, 9, 12, 0, 0, 0, 7, 0, 13, 0, 0, 8, 0, 0, 0, 20, 0, 0, 0, 0, 0, 0, 8, 0, 1, 1, 1, 42, 2, 0, 0, 0, 0, 0, 0, 0, 0, 0, 1, 0, 0, 0, 159, 0, 0, 0, 5, 1, 9, 14, 3, 2, 9, 79, 22, 3, 3, 0, 0, 0, 5, 0, 5, 0, 0, 7, 0, 0, 0, 25, 0, 0, 0, 0, 1, 0, 6, 0, 2, 0, 0, 47, 2, 2, 0, 0, 0, 1, 0, 1, 0, 0, 1, 0, 0, 0, 78, 0, 0, 0, 16, 8, 14, 10, 7, 19, 1, 6, 69, 18, 9, 0, 0, 0, 4, 0, 6, 0, 0, 14, 0, 0, 0, 55, 0, 0, 0]",27,27
"[0, 0, 0, 0, 0, 0, 0, 0, 0, 0, 0, 0, 0, 0, 0, 0, 0, 0, 0, 0, 0, 0, 0, 0, 0, 0, 0, 0, 0, 0, 0, 0, 0, 0, 0, 0, 0, 0, 0, 0, 0, 0, 0, 0, 0, 0, 0, 0, 0, 0, 0, 0, 0, 0, 0, 0, 0, 0, 0, 0, 0, 0, 0, 0, 0, 0, 0, 0, 0, 0, 0, 0, 0, 0, 0, 0, 0, 0, 0, 0, 0, 0, 0, 0, 0, 0, 0, 0, 0, 0, 0, 0, 0, 0, 0, 0, 0, 0, 0, 0, 0, 0, 0, 0, 0, 0, 0, 0, 0, 0, 0, 0, 0, 0, 0, 0, 0, 0, 0, 0, 0, 0, 0, 0, 0, 0, 0, 0, 0, 0, 0, 0, 0, 0, 0, 0, 0, 0, 0, 0, 0, 0, 0, 0, 0, 0, 0, 0, 0, 0, 0, 0, 0, 0, 0, 0, 0, 0, 0, 0, 0, 0, 0, 0, 0, 0, 0, 0, 0, 0, 0, 0, 0, 0, 0, 0, 0, 0, 0, 0, 0, 0, 0, 0, 0, 0, 0, 0, 0, 0, 0, 0, 0, 0, 0, 0, 0, 0, 0, 0, 0, 0, 0, 0, 0, 0, 0, 0, 0, 0, 0, 0, 0, 0, 0, 0, 0, 0, 0, 0, 0, 0, 0, 0, 0, 0, 0, 0, 0, 0, 0, 0, 0, 0, 0, 0, 0, 0, 0, 0, 0, 0, 0, 0, 0, 0, 0, 0, 0, 0, 0, 0, 0, 0, 0, 0, 0, 0, 0, 0, 0, 0, 0, 0, 0, 0, 0, 0, 0, 0, 7, 1, 4, 14, 7, 5, 4, 6, 23, 5, 7, 0, 0, 0, 4, 0, 7, 0, 0, 5, 0, 0, 0, 17, 0, 0, 0, 42, 6, 90, 5, 18, 8, 11, 12, 21, 13, 13, 0, 0, 0, 2, 0, 7, 0, 0, 7, 0, 0, 0, 5, 0, 0, 0, 18, 6, 25, 18, 7, 7, 13, 5, 40, 11, 5, 0, 0, 0, 0, 0, 8, 0, 0, 7, 0, 0, 0, 58, 0, 0, 0, 19, 4, 63, 7, 5, 2, 12, 21, 12, 3, 2, 0, 0, 0, 2, 0, 3, 0, 0, 2, 0, 0, 0, 3, 0, 0, 0, 5, 2, 2, 8, 5, 6, 2, 12, 54, 12, 5, 0, 0, 0, 12, 0, 2, 0, 0, 5, 0, 0, 0, 79, 0, 0, 0, 2, 2, 3, 18, 6, 1, 3, 11, 54, 12, 3, 0, 0, 0, 7, 0, 5, 0, 0, 8, 0, 0, 0, 73, 0, 0, 0, 3, 2, 3, 4, 3, 8, 0, 5, 22, 8, 6, 0, 0, 0, 3, 0, 7, 0, 0, 6, 0, 0, 0, 30, 0, 0, 0, 1, 3, 3, 17, 4, 6, 1, 2, 46, 11, 3, 0, 0, 0, 0, 0, 15, 0, 0, 16, 0, 0, 0, 61, 0, 0, 0, 1, 3, 3, 15, 4, 3, 1, 1, 37, 6, 2, 0, 0, 0, 0, 0, 14, 0, 0, 14, 0, 0, 0, 50, 0, 0, 0, 0, 0, 0, 0, 0, 0, 0, 0, 0, 0, 0, 0, 0, 0, 0, 0, 0, 0, 0, 0, 0, 0, 0, 0, 0, 0, 0, 19, 7, 26, 18, 13, 4, 12, 17, 50, 22, 14, 0, 0, 0, 6, 0, 14, 0, 0, 8, 0, 0, 0, 44, 0, 0, 0, 2, 4, 5, 6, 6, 9, 1, 2, 27, 8, 4, 0, 0, 0, 1, 0, 4, 0, 0, 7, 0, 0, 0, 29, 0, 0, 0, 35, 7, 67, 15, 14, 9, 31, 38, 25, 9, 12, 0, 0, 0, 7, 0, 13, 0, 0, 8, 0, 0, 0, 20, 0, 0, 0, 0, 0, 0, 8, 0, 1, 1, 1, 42, 2, 0, 0, 0, 0, 0, 0, 0, 0, 0, 1, 0, 0, 0, 159, 0, 0, 0, 5, 1, 9, 14, 3, 2, 9, 79, 22, 3, 3, 0, 0, 0, 5, 0, 5, 0, 0, 7, 0, 0, 0, 25, 0, 0, 0, 0, 1, 0, 6, 0, 2, 0, 0, 47, 2, 2, 0, 0, 0, 1, 0, 1, 0, 0, 1, 0, 0, 0, 78, 0, 0, 0, 16, 8, 14, 10, 7, 19, 1, 6, 69, 18, 9, 0, 0, 0, 4, 0, 6, 0, 0, 14, 0, 0, 0, 55, 0, 0, 0]",27,27
"[0, 0, 0, 0, 0, 0, 0, 0, 0, 0, 0, 0, 0, 0, 0, 0, 0, 0, 0, 0, 0, 0, 0, 0, 0, 0, 0, 0, 0, 0, 0, 0, 0, 0, 0, 0, 0, 0, 0, 0, 0, 0, 0, 0, 0, 0, 0, 0, 0, 0, 0, 0, 0, 0, 0, 0, 0, 0, 0, 0, 0, 0, 0, 0, 0, 0, 0, 0, 0, 0, 0, 0, 0, 0, 0, 0, 0, 0, 0, 0, 0, 0, 0, 0, 0, 0, 0, 0, 0, 0, 0, 0, 0, 0, 0, 0, 0, 0, 0, 0, 0, 0, 0, 0, 0, 0, 0, 0, 0, 0, 0, 0, 0, 0, 0, 0, 0, 0, 0, 0, 0, 0, 0, 0, 0, 0, 0, 0, 0, 0, 0, 0, 0, 0, 0, 0, 0, 0, 0, 0, 0, 0, 0, 0, 0, 0, 0, 0, 0, 0, 0, 0, 0, 0, 0, 0, 0, 0, 0, 0, 0, 0, 0, 0, 0, 0, 0, 0, 0, 0, 0, 0, 0, 0, 0, 0, 0, 0, 0, 0, 0, 0, 0, 0, 0, 0, 0, 0, 0, 0, 0, 0, 0, 0, 0, 0, 0, 0, 0, 0, 0, 0, 0, 0, 0, 0, 0, 0, 0, 0, 0, 0, 0, 0, 0, 0, 0, 0, 0, 0, 0, 0, 0, 0, 0, 0, 0, 0, 0, 0, 0, 0, 0, 0, 0, 0, 0, 0, 0, 0, 0, 0, 0, 0, 0, 0, 0, 0, 0, 0, 0, 0, 0, 0, 0, 0, 0, 0, 0, 0, 0, 0, 0, 0, 0, 0, 0, 0, 0, 0, 7, 1, 4, 14, 7, 5, 4, 6, 23, 5, 7, 0, 0, 0, 4, 0, 7, 0, 0, 5, 0, 0, 0, 17, 0, 0, 0, 42, 6, 90, 5, 18, 8, 11, 12, 21, 13, 13, 0, 0, 0, 2, 0, 7, 0, 0, 7, 0, 0, 0, 5, 0, 0, 0, 18, 6, 25, 18, 7, 7, 13, 5, 40, 11, 5, 0, 0, 0, 0, 0, 8, 0, 0, 7, 0, 0, 0, 58, 0, 0, 0, 19, 4, 63, 7, 5, 2, 12, 21, 12, 3, 2, 0, 0, 0, 2, 0, 3, 0, 0, 2, 0, 0, 0, 3, 0, 0, 0, 5, 2, 2, 8, 5, 6, 2, 12, 54, 12, 5, 0, 0, 0, 12, 0, 2, 0, 0, 5, 0, 0, 0, 79, 0, 0, 0, 2, 2, 3, 18, 6, 1, 3, 11, 54, 12, 3, 0, 0, 0, 7, 0, 5, 0, 0, 8, 0, 0, 0, 73, 0, 0, 0, 3, 2, 3, 4, 3, 8, 0, 5, 22, 8, 6, 0, 0, 0, 3, 0, 7, 0, 0, 6, 0, 0, 0, 30, 0, 0, 0, 1, 3, 3, 17, 4, 6, 1, 2, 46, 11, 3, 0, 0, 0, 0, 0, 15, 0, 0, 16, 0, 0, 0, 61, 0, 0, 0, 1, 3, 3, 15, 4, 3, 1, 1, 37, 6, 2, 0, 0, 0, 0, 0, 14, 0, 0, 14, 0, 0, 0, 50, 0, 0, 0, 0, 0, 0, 0, 0, 0, 0, 0, 0, 0, 0, 0, 0, 0, 0, 0, 0, 0, 0, 0, 0, 0, 0, 0, 0, 0, 0, 19, 7, 26, 18, 13, 4, 12, 17, 50, 22, 14, 0, 0, 0, 6, 0, 14, 0, 0, 8, 0, 0, 0, 44, 0, 0, 0, 2, 4, 5, 6, 6, 9, 1, 2, 27, 8, 4, 0, 0, 0, 1, 0, 4, 0, 0, 7, 0, 0, 0, 29, 0, 0, 0, 35, 7, 67, 15, 14, 9, 31, 38, 25, 9, 12, 0, 0, 0, 7, 0, 13, 0, 0, 8, 0, 0, 0, 20, 0, 0, 0, 0, 0, 0, 8, 0, 1, 1, 1, 42, 2, 0, 0, 0, 0, 0, 0, 0, 0, 0, 1, 0, 0, 0, 159, 0, 0, 0, 5, 1, 9, 14, 3, 2, 9, 79, 22, 3, 3, 0, 0, 0, 5, 0, 5, 0, 0, 7, 0, 0, 0, 25, 0, 0, 0, 0, 1, 0, 6, 0, 2, 0, 0, 47, 2, 2, 0, 0, 0, 1, 0, 1, 0, 0, 1, 0, 0, 0, 78, 0, 0, 0, 16, 8, 14, 10, 7, 19, 1, 6, 69, 18, 9, 0, 0, 0, 4, 0, 6, 0, 0, 14, 0, 0, 0, 55, 0, 0, 0]",27,27
"[0, 0, 0, 0, 0, 0, 0, 0, 0, 0, 0, 0, 0, 0, 0, 0, 0, 0, 0, 0, 0, 0, 0, 0, 0, 0, 0, 0, 0, 0, 0, 0, 0, 0, 0, 0, 0, 0, 0, 0, 0, 0, 0, 0, 0, 0, 0, 0, 0, 0, 0, 0, 0, 0, 0, 0, 0, 0, 0, 0, 0, 0, 0, 0, 0, 0, 0, 0, 0, 0, 0, 0, 0, 0, 0, 0, 0, 0, 0, 0, 0, 0, 0, 0, 0, 0, 0, 0, 0, 0, 0, 0, 0, 0, 0, 0, 0, 0, 0, 0, 0, 0, 0, 0, 0, 0, 0, 0, 0, 0, 0, 0, 0, 0, 0, 0, 0, 0, 0, 0, 0, 0, 0, 0, 0, 0, 0, 0, 0, 0, 0, 0, 0, 0, 0, 0, 0, 0, 0, 0, 0, 0, 0, 0, 0, 0, 0, 0, 0, 0, 0, 0, 0, 0, 0, 0, 0, 0, 0, 0, 0, 0, 0, 0, 0, 0, 0, 0, 0, 0, 0, 0, 0, 0, 0, 0, 0, 0, 0, 0, 0, 0, 0, 0, 0, 0, 0, 0, 0, 0, 0, 0, 0, 0, 0, 0, 0, 0, 0, 0, 0, 0, 0, 0, 0, 0, 0, 0, 0, 0, 0, 0, 0, 0, 0, 0, 0, 0, 0, 0, 0, 0, 0, 0, 0, 0, 0, 0, 0, 0, 0, 0, 0, 0, 0, 0, 0, 0, 0, 0, 0, 0, 0, 0, 0, 0, 0, 0, 0, 0, 0, 0, 0, 0, 0, 0, 0, 0, 0, 0, 0, 0, 0, 0, 0, 0, 0, 0, 0, 0, 7, 0, 31, 2, 2, 5, 1, 7, 15, 1, 29, 0, 0, 0, 0, 0, 8, 0, 0, 5, 0, 0, 0, 3, 0, 0, 0, 80, 1, 102, 0, 4, 6, 0, 10, 12, 3, 24, 0, 0, 0, 0, 0, 6, 0, 0, 12, 0, 0, 0, 0, 0, 0, 0, 13, 3, 24, 23, 1, 17, 1, 10, 33, 6, 21, 0, 0, 0, 1, 0, 21, 0, 0, 5, 0, 0, 0, 49, 0, 0, 0, 15, 1, 82, 3, 0, 3, 0, 20, 7, 1, 15, 0, 0, 0, 1, 0, 6, 0, 0, 5, 0, 0, 0, 1, 0, 0, 0, 3, 3, 19, 17, 5, 8, 2, 23, 49, 5, 22, 0, 0, 0, 1, 0, 14, 0, 0, 8, 0, 0, 0, 32, 0, 0, 0, 3, 5, 8, 32, 1, 11, 2, 12, 43, 2, 12, 0, 0, 0, 0, 0, 22, 0, 0, 3, 0, 0, 0, 52, 0, 0, 0, 4, 0, 12, 2, 2, 7, 1, 11, 27, 5, 11, 0, 0, 0, 1, 0, 12, 0, 0, 8, 0, 0, 0, 7, 0, 0, 0, 1, 1, 15, 10, 3, 18, 2, 11, 41, 5, 30, 0, 0, 0, 3, 0, 28, 0, 0, 10, 0, 0, 0, 11, 0, 0, 0, 0, 1, 13, 6, 3, 14, 2, 8, 33, 4, 24, 0, 0, 0, 2, 0, 25, 0, 0, 9, 0, 0, 0, 10, 0, 0, 0, 0, 0, 0, 0, 0, 0, 0, 0, 0, 0, 0, 0, 0, 0, 0, 0, 0, 0, 0, 0, 0, 0, 0, 0, 0, 0, 0, 21, 4, 65, 13, 4, 16, 2, 18, 46, 7, 43, 0, 0, 0, 1, 0, 19, 0, 0, 6, 0, 0, 0, 9, 0, 0, 0, 5, 2, 18, 7, 1, 14, 1, 8, 13, 8, 14, 0, 0, 0, 1, 0, 12, 0, 0, 8, 0, 0, 0, 3, 0, 0, 0, 45, 0, 85, 11, 5, 13, 2, 43, 30, 6, 38, 0, 0, 0, 1, 0, 20, 0, 0, 6, 0, 0, 0, 5, 0, 0, 0, 1, 9, 1, 37, 0, 6, 0, 2, 28, 2, 4, 0, 0, 0, 0, 0, 9, 0, 0, 1, 0, 0, 0, 115, 0, 0, 0, 5, 2, 23, 12, 3, 6, 4, 73, 21, 0, 14, 0, 0, 0, 3, 0, 13, 0, 0, 1, 0, 0, 0, 12, 0, 0, 0, 0, 3, 2, 23, 2, 9, 1, 5, 58, 2, 7, 0, 0, 0, 4, 0, 12, 0, 0, 1, 0, 0, 0, 12, 0, 0, 0, 4, 5, 35, 13, 2, 24, 0, 11, 38, 15, 41, 0, 0, 0, 5, 0, 26, 0, 0, 10, 0, 0, 0, 27, 0, 0, 0]",27,27
"[0, 0, 0, 0, 0, 0, 0, 0, 0, 0, 0, 0, 0, 0, 0, 0, 0, 0, 0, 0, 0, 0, 0, 0, 0, 0, 0, 0, 0, 0, 0, 0, 0, 0, 0, 0, 0, 0, 0, 0, 0, 0, 0, 0, 0, 0, 0, 0, 0, 0, 0, 0, 0, 0, 0, 0, 0, 0, 0, 0, 0, 0, 0, 0, 0, 0, 0, 0, 0, 0, 0, 0, 0, 0, 0, 0, 0, 0, 0, 0, 0, 0, 0, 0, 0, 0, 0, 0, 0, 0, 0, 0, 0, 0, 0, 0, 0, 0, 0, 0, 0, 0, 0, 0, 0, 0, 0, 0, 0, 0, 0, 0, 0, 0, 0, 0, 0, 0, 0, 0, 0, 0, 0, 0, 0, 0, 0, 0, 0, 0, 0, 0, 0, 0, 0, 0, 0, 0, 0, 0, 0, 0, 0, 0, 0, 0, 0, 0, 0, 0, 0, 0, 0, 0, 0, 0, 0, 0, 0, 0, 0, 0, 0, 0, 0, 0, 0, 0, 0, 0, 0, 0, 0, 0, 0, 0, 0, 0, 0, 0, 0, 0, 0, 0, 0, 0, 0, 0, 0, 0, 0, 0, 0, 0, 0, 0, 0, 0, 0, 0, 0, 0, 0, 0, 0, 0, 0, 0, 0, 0, 0, 0, 0, 0, 0, 0, 0, 0, 0, 0, 0, 0, 0, 0, 0, 0, 0, 0, 0, 0, 0, 0, 0, 0, 0, 0, 0, 0, 0, 0, 0, 0, 0, 0, 0, 0, 0, 0, 0, 0, 0, 0, 0, 0, 0, 0, 0, 0, 0, 0, 0, 0, 0, 0, 0, 0, 0, 0, 0, 0, 7, 0, 31, 2, 2, 5, 1, 7, 15, 1, 29, 0, 0, 0, 0, 0, 8, 0, 0, 5, 0, 0, 0, 3, 0, 0, 0, 80, 1, 102, 0, 4, 6, 0, 10, 12, 3, 24, 0, 0, 0, 0, 0, 6, 0, 0, 12, 0, 0, 0, 0, 0, 0, 0, 13, 3, 24, 23, 1, 17, 1, 10, 33, 6, 21, 0, 0, 0, 1, 0, 21, 0, 0, 5, 0, 0, 0, 49, 0, 0, 0, 15, 1, 82, 3, 0, 3, 0, 20, 7, 1, 15, 0, 0, 0, 1, 0, 6, 0, 0, 5, 0, 0, 0, 1, 0, 0, 0, 3, 3, 19, 17, 5, 8, 2, 23, 49, 5, 22, 0, 0, 0, 1, 0, 14, 0, 0, 8, 0, 0, 0, 32, 0, 0, 0, 3, 5, 8, 32, 1, 11, 2, 12, 43, 2, 12, 0, 0, 0, 0, 0, 22, 0, 0, 3, 0, 0, 0, 52, 0, 0, 0, 4, 0, 12, 2, 2, 7, 1, 11, 27, 5, 11, 0, 0, 0, 1, 0, 12, 0, 0, 8, 0, 0, 0, 7, 0, 0, 0, 1, 1, 15, 10, 3, 18, 2, 11, 41, 5, 30, 0, 0, 0, 3, 0, 28, 0, 0, 10, 0, 0, 0, 11, 0, 0, 0, 0, 1, 13, 6, 3, 14, 2, 8, 33, 4, 24, 0, 0, 0, 2, 0, 25, 0, 0, 9, 0, 0, 0, 10, 0, 0, 0, 0, 0, 0, 0, 0, 0, 0, 0, 0, 0, 0, 0, 0, 0, 0, 0, 0, 0, 0, 0, 0, 0, 0, 0, 0, 0, 0, 21, 4, 65, 13, 4, 16, 2, 18, 46, 7, 43, 0, 0, 0, 1, 0, 19, 0, 0, 6, 0, 0, 0, 9, 0, 0, 0, 5, 2, 18, 7, 1, 14, 1, 8, 13, 8, 14, 0, 0, 0, 1, 0, 12, 0, 0, 8, 0, 0, 0, 3, 0, 0, 0, 45, 0, 85, 11, 5, 13, 2, 43, 30, 6, 38, 0, 0, 0, 1, 0, 20, 0, 0, 6, 0, 0, 0, 5, 0, 0, 0, 1, 9, 1, 37, 0, 6, 0, 2, 28, 2, 4, 0, 0, 0, 0, 0, 9, 0, 0, 1, 0, 0, 0, 115, 0, 0, 0, 5, 2, 23, 12, 3, 6, 4, 73, 21, 0, 14, 0, 0, 0, 3, 0, 13, 0, 0, 1, 0, 0, 0, 12, 0, 0, 0, 0, 3, 2, 23, 2, 9, 1, 5, 58, 2, 7, 0, 0, 0, 4, 0, 12, 0, 0, 1, 0, 0, 0, 12, 0, 0, 0, 4, 5, 35, 13, 2, 24, 0, 11, 38, 15, 41, 0, 0, 0, 5, 0, 26, 0, 0, 10, 0, 0, 0, 27, 0, 0, 0]",27,27
"[0, 0, 0, 0, 0, 0, 0, 0, 0, 0, 0, 0, 0, 0, 0, 0, 0, 0, 0, 0, 0, 0, 0, 0, 0, 0, 0, 0, 0, 0, 0, 0, 0, 0, 0, 0, 0, 0, 0, 0, 0, 0, 0, 0, 0, 0, 0, 0, 0, 0, 0, 0, 0, 0, 0, 0, 0, 0, 0, 0, 0, 0, 0, 0, 0, 0, 0, 0, 0, 0, 0, 0, 0, 0, 0, 0, 0, 0, 0, 0, 0, 0, 0, 0, 0, 0, 0, 0, 0, 0, 0, 0, 0, 0, 0, 0, 0, 0, 0, 0, 0, 0, 0, 0, 0, 0, 0, 0, 0, 0, 0, 0, 0, 0, 0, 0, 0, 0, 0, 0, 0, 0, 0, 0, 0, 0, 0, 0, 0, 0, 0, 0, 0, 0, 0, 0, 0, 0, 0, 0, 0, 0, 0, 0, 0, 0, 0, 0, 0, 0, 0, 0, 0, 0, 0, 0, 0, 0, 0, 0, 0, 0, 0, 0, 0, 0, 0, 0, 0, 0, 0, 0, 0, 0, 0, 0, 0, 0, 0, 0, 0, 0, 0, 0, 0, 0, 0, 0, 0, 0, 0, 0, 0, 0, 0, 0, 0, 0, 0, 0, 0, 0, 0, 0, 0, 0, 0, 0, 0, 0, 0, 0, 0, 0, 0, 0, 0, 0, 0, 0, 0, 0, 0, 0, 0, 0, 0, 0, 0, 0, 0, 0, 0, 0, 0, 0, 0, 0, 0, 0, 0, 0, 0, 0, 0, 0, 0, 0, 0, 0, 0, 0, 0, 0, 0, 0, 0, 0, 0, 0, 0, 0, 0, 0, 0, 0, 0, 0, 0, 0, 7, 0, 31, 2, 2, 5, 1, 7, 15, 1, 29, 0, 0, 0, 0, 0, 8, 0, 0, 5, 0, 0, 0, 3, 0, 0, 0, 80, 1, 102, 0, 4, 6, 0, 10, 12, 3, 24, 0, 0, 0, 0, 0, 6, 0, 0, 12, 0, 0, 0, 0, 0, 0, 0, 13, 3, 24, 23, 1, 17, 1, 10, 33, 6, 21, 0, 0, 0, 1, 0, 21, 0, 0, 5, 0, 0, 0, 49, 0, 0, 0, 15, 1, 82, 3, 0, 3, 0, 20, 7, 1, 15, 0, 0, 0, 1, 0, 6, 0, 0, 5, 0, 0, 0, 1, 0, 0, 0, 3, 3, 19, 17, 5, 8, 2, 23, 49, 5, 22, 0, 0, 0, 1, 0, 14, 0, 0, 8, 0, 0, 0, 32, 0, 0, 0, 3, 5, 8, 32, 1, 11, 2, 12, 43, 2, 12, 0, 0, 0, 0, 0, 22, 0, 0, 3, 0, 0, 0, 52, 0, 0, 0, 4, 0, 12, 2, 2, 7, 1, 11, 27, 5, 11, 0, 0, 0, 1, 0, 12, 0, 0, 8, 0, 0, 0, 7, 0, 0, 0, 1, 1, 15, 10, 3, 18, 2, 11, 41, 5, 30, 0, 0, 0, 3, 0, 28, 0, 0, 10, 0, 0, 0, 11, 0, 0, 0, 0, 1, 13, 6, 3, 14, 2, 8, 33, 4, 24, 0, 0, 0, 2, 0, 25, 0, 0, 9, 0, 0, 0, 10, 0, 0, 0, 0, 0, 0, 0, 0, 0, 0, 0, 0, 0, 0, 0, 0, 0, 0, 0, 0, 0, 0, 0, 0, 0, 0, 0, 0, 0, 0, 21, 4, 65, 13, 4, 16, 2, 18, 46, 7, 43, 0, 0, 0, 1, 0, 19, 0, 0, 6, 0, 0, 0, 9, 0, 0, 0, 5, 2, 18, 7, 1, 14, 1, 8, 13, 8, 14, 0, 0, 0, 1, 0, 12, 0, 0, 8, 0, 0, 0, 3, 0, 0, 0, 45, 0, 85, 11, 5, 13, 2, 43, 30, 6, 38, 0, 0, 0, 1, 0, 20, 0, 0, 6, 0, 0, 0, 5, 0, 0, 0, 1, 9, 1, 37, 0, 6, 0, 2, 28, 2, 4, 0, 0, 0, 0, 0, 9, 0, 0, 1, 0, 0, 0, 115, 0, 0, 0, 5, 2, 23, 12, 3, 6, 4, 73, 21, 0, 14, 0, 0, 0, 3, 0, 13, 0, 0, 1, 0, 0, 0, 12, 0, 0, 0, 0, 3, 2, 23, 2, 9, 1, 5, 58, 2, 7, 0, 0, 0, 4, 0, 12, 0, 0, 1, 0, 0, 0, 12, 0, 0, 0, 4, 5, 35, 13, 2, 24, 0, 11, 38, 15, 41, 0, 0, 0, 5, 0, 26, 0, 0, 10, 0, 0, 0, 27, 0, 0, 0]",27,27
"[0, 0, 0, 0, 0, 0, 0, 0, 0, 0, 0, 0, 0, 0, 0, 0, 0, 0, 0, 0, 0, 0, 0, 0, 0, 0, 0, 0, 0, 0, 0, 0, 0, 0, 0, 0, 0, 0, 0, 0, 0, 0, 0, 0, 0, 0, 0, 0, 0, 0, 0, 0, 0, 0, 0, 0, 0, 0, 0, 0, 0, 0, 0, 0, 0, 0, 0, 0, 0, 0, 0, 0, 0, 0, 0, 0, 0, 0, 0, 0, 0, 0, 0, 0, 0, 0, 0, 0, 0, 0, 0, 0, 0, 0, 0, 0, 0, 0, 0, 0, 0, 0, 0, 0, 0, 0, 0, 0, 0, 0, 0, 0, 0, 0, 0, 0, 0, 0, 0, 0, 0, 0, 0, 0, 0, 0, 0, 0, 0, 0, 0, 0, 0, 0, 0, 0, 0, 0, 0, 0, 0, 0, 0, 0, 0, 0, 0, 0, 0, 0, 0, 0, 0, 0, 0, 0, 0, 0, 0, 0, 0, 0, 0, 0, 0, 0, 0, 0, 0, 0, 0, 0, 0, 0, 0, 0, 0, 0, 0, 0, 0, 0, 0, 0, 0, 0, 0, 0, 0, 0, 0, 0, 0, 0, 0, 0, 0, 0, 0, 0, 0, 0, 0, 0, 0, 0, 0, 0, 0, 0, 0, 0, 0, 0, 0, 0, 0, 0, 0, 0, 0, 0, 0, 0, 0, 0, 0, 0, 0, 0, 0, 0, 0, 0, 0, 0, 0, 0, 0, 0, 0, 0, 0, 0, 0, 0, 0, 0, 0, 0, 0, 0, 0, 0, 0, 0, 0, 0, 0, 0, 0, 0, 0, 0, 0, 0, 0, 0, 0, 0, 4, 1, 0, 3, 0, 14, 1, 8, 7, 5, 27, 0, 0, 0, 11, 0, 21, 0, 0, 10, 0, 0, 0, 4, 0, 0, 0, 108, 8, 48, 8, 15, 7, 41, 0, 6, 2, 3, 0, 0, 0, 4, 0, 6, 0, 0, 2, 0, 0, 0, 2, 0, 0, 0, 2, 123, 4, 12, 7, 7, 2, 16, 13, 4, 1, 0, 0, 0, 7, 0, 1, 0, 0, 3, 0, 0, 0, 26, 0, 0, 0, 30, 8, 64, 10, 11, 3, 22, 4, 2, 2, 0, 0, 0, 0, 1, 0, 1, 0, 0, 0, 0, 0, 0, 2, 0, 0, 0, 16, 21, 11, 20, 21, 16, 10, 6, 11, 15, 20, 0, 0, 0, 11, 0, 6, 0, 0, 10, 0, 0, 0, 17, 0, 0, 0, 10, 25, 7, 40, 16, 18, 13, 10, 9, 4, 3, 0, 0, 0, 6, 0, 11, 0, 0, 12, 0, 0, 0, 24, 0, 0, 0, 5, 4, 0, 8, 3, 18, 3, 5, 3, 5, 16, 0, 0, 0, 4, 0, 14, 0, 0, 16, 0, 0, 0, 6, 0, 0, 0, 2, 4, 6, 12, 7, 21, 3, 5, 3, 11, 38, 0, 0, 0, 5, 0, 26, 0, 0, 37, 0, 0, 0, 9, 0, 0, 0, 1, 2, 5, 11, 6, 17, 2, 4, 3, 10, 33, 0, 0, 0, 4, 0, 21, 0, 0, 29, 0, 0, 0, 6, 0, 0, 0, 0, 0, 0, 0, 0, 0, 0, 0, 0, 0, 0, 0, 0, 0, 0, 0, 0, 0, 0, 0, 0, 0, 0, 0, 0, 0, 0, 26, 21, 28, 14, 90, 3, 31, 7, 12, 10, 3, 0, 0, 0, 11, 0, 4, 0, 0, 5, 0, 0, 0, 9, 0, 0, 0, 1, 4, 9, 21, 4, 21, 0, 3, 5, 8, 9, 0, 0, 0, 4, 0, 7, 0, 0, 9, 0, 0, 0, 10, 0, 0, 0, 56, 16, 57, 16, 41, 6, 87, 5, 7, 3, 0, 0, 0, 0, 1, 0, 4, 0, 0, 3, 0, 0, 0, 8, 0, 0, 0, 8, 48, 8, 24, 8, 7, 7, 12, 2, 4, 12, 0, 0, 0, 20, 0, 9, 0, 0, 10, 0, 0, 0, 36, 0, 0, 0, 3, 31, 5, 15, 11, 10, 6, 54, 20, 5, 8, 0, 0, 0, 3, 0, 4, 0, 0, 8, 0, 0, 0, 9, 0, 0, 0, 4, 23, 2, 4, 6, 12, 5, 17, 32, 7, 6, 0, 0, 0, 10, 0, 2, 0, 0, 1, 0, 0, 0, 10, 0, 0, 0, 9, 18, 12, 21, 24, 27, 3, 7, 24, 41, 15, 0, 0, 0, 22, 0, 15, 0, 0, 16, 0, 0, 0, 2, 0, 0, 0]",27,27
"[0, 0, 0, 0, 0, 0, 0, 0, 0, 0, 0, 0, 0, 0, 0, 0, 0, 0, 0, 0, 0, 0, 0, 0, 0, 0, 0, 0, 0, 0, 0, 0, 0, 0, 0, 0, 0, 0, 0, 0, 0, 0, 0, 0, 0, 0, 0, 0, 0, 0, 0, 0, 0, 0, 0, 0, 0, 0, 0, 0, 0, 0, 0, 0, 0, 0, 0, 0, 0, 0, 0, 0, 0, 0, 0, 0, 0, 0, 0, 0, 0, 0, 0, 0, 0, 0, 0, 0, 0, 0, 0, 0, 0, 0, 0, 0, 0, 0, 0, 0, 0, 0, 0, 0, 0, 0, 0, 0, 0, 0, 0, 0, 0, 0, 0, 0, 0, 0, 0, 0, 0, 0, 0, 0, 0, 0, 0, 0, 0, 0, 0, 0, 0, 0, 0, 0, 0, 0, 0, 0, 0, 0, 0, 0, 0, 0, 0, 0, 0, 0, 0, 0, 0, 0, 0, 0, 0, 0, 0, 0, 0, 0, 0, 0, 0, 0, 0, 0, 0, 0, 0, 0, 0, 0, 0, 0, 0, 0, 0, 0, 0, 0, 0, 0, 0, 0, 0, 0, 0, 0, 0, 0, 0, 0, 0, 0, 0, 0, 0, 0, 0, 0, 0, 0, 0, 0, 0, 0, 0, 0, 0, 0, 0, 0, 0, 0, 0, 0, 0, 0, 0, 0, 0, 0, 0, 0, 0, 0, 0, 0, 0, 0, 0, 0, 0, 0, 0, 0, 0, 0, 0, 0, 0, 0, 0, 0, 0, 0, 0, 0, 0, 0, 0, 0, 0, 0, 0, 0, 0, 0, 0, 0, 0, 0, 0, 0, 0, 0, 0, 0, 4, 1, 0, 3, 0, 14, 1, 8, 7, 5, 27, 0, 0, 0, 11, 0, 21, 0, 0, 10, 0, 0, 0, 4, 0, 0, 0, 108, 8, 48, 8, 15, 7, 41, 0, 6, 2, 3, 0, 0, 0, 4, 0, 6, 0, 0, 2, 0, 0, 0, 2, 0, 0, 0, 2, 123, 4, 12, 7, 7, 2, 16, 13, 4, 1, 0, 0, 0, 7, 0, 1, 0, 0, 3, 0, 0, 0, 26, 0, 0, 0, 30, 8, 64, 10, 11, 3, 22, 4, 2, 2, 0, 0, 0, 0, 1, 0, 1, 0, 0, 0, 0, 0, 0, 2, 0, 0, 0, 16, 21, 11, 20, 21, 16, 10, 6, 11, 15, 20, 0, 0, 0, 11, 0, 6, 0, 0, 10, 0, 0, 0, 17, 0, 0, 0, 10, 25, 7, 40, 16, 18, 13, 10, 9, 4, 3, 0, 0, 0, 6, 0, 11, 0, 0, 12, 0, 0, 0, 24, 0, 0, 0, 5, 4, 0, 8, 3, 18, 3, 5, 3, 5, 16, 0, 0, 0, 4, 0, 14, 0, 0, 16, 0, 0, 0, 6, 0, 0, 0, 2, 4, 6, 12, 7, 21, 3, 5, 3, 11, 38, 0, 0, 0, 5, 0, 26, 0, 0, 37, 0, 0, 0, 9, 0, 0, 0, 1, 2, 5, 11, 6, 17, 2, 4, 3, 10, 33, 0, 0, 0, 4, 0, 21, 0, 0, 29, 0, 0, 0, 6, 0, 0, 0, 0, 0, 0, 0, 0, 0, 0, 0, 0, 0, 0, 0, 0, 0, 0, 0, 0, 0, 0, 0, 0, 0, 0, 0, 0, 0, 0, 26, 21, 28, 14, 90, 3, 31, 7, 12, 10, 3, 0, 0, 0, 11, 0, 4, 0, 0, 5, 0, 0, 0, 9, 0, 0, 0, 1, 4, 9, 21, 4, 21, 0, 3, 5, 8, 9, 0, 0, 0, 4, 0, 7, 0, 0, 9, 0, 0, 0, 10, 0, 0, 0, 56, 16, 57, 16, 41, 6, 87, 5, 7, 3, 0, 0, 0, 0, 1, 0, 4, 0, 0, 3, 0, 0, 0, 8, 0, 0, 0, 8, 48, 8, 24, 8, 7, 7, 12, 2, 4, 12, 0, 0, 0, 20, 0, 9, 0, 0, 10, 0, 0, 0, 36, 0, 0, 0, 3, 31, 5, 15, 11, 10, 6, 54, 20, 5, 8, 0, 0, 0, 3, 0, 4, 0, 0, 8, 0, 0, 0, 9, 0, 0, 0, 4, 23, 2, 4, 6, 12, 5, 17, 32, 7, 6, 0, 0, 0, 10, 0, 2, 0, 0, 1, 0, 0, 0, 10, 0, 0, 0, 9, 18, 12, 21, 24, 27, 3, 7, 24, 41, 15, 0, 0, 0, 22, 0, 15, 0, 0, 16, 0, 0, 0, 2, 0, 0, 0]",27,27
"[0, 0, 0, 0, 0, 0, 0, 0, 0, 0, 0, 0, 0, 0, 0, 0, 0, 0, 0, 0, 0, 0, 0, 0, 0, 0, 0, 0, 0, 0, 0, 0, 0, 0, 0, 0, 0, 0, 0, 0, 0, 0, 0, 0, 0, 0, 0, 0, 0, 0, 0, 0, 0, 0, 0, 0, 0, 0, 0, 0, 0, 0, 0, 0, 0, 0, 0, 0, 0, 0, 0, 0, 0, 0, 0, 0, 0, 0, 0, 0, 0, 0, 0, 0, 0, 0, 0, 0, 0, 0, 0, 0, 0, 0, 0, 0, 0, 0, 0, 0, 0, 0, 0, 0, 0, 0, 0, 0, 0, 0, 0, 0, 0, 0, 0, 0, 0, 0, 0, 0, 0, 0, 0, 0, 0, 0, 0, 0, 0, 0, 0, 0, 0, 0, 0, 0, 0, 0, 0, 0, 0, 0, 0, 0, 0, 0, 0, 0, 0, 0, 0, 0, 0, 0, 0, 0, 0, 0, 0, 0, 0, 0, 0, 0, 0, 0, 0, 0, 0, 0, 0, 0, 0, 0, 0, 0, 0, 0, 0, 0, 0, 0, 0, 0, 0, 0, 0, 0, 0, 0, 0, 0, 0, 0, 0, 0, 0, 0, 0, 0, 0, 0, 0, 0, 0, 0, 0, 0, 0, 0, 0, 0, 0, 0, 0, 0, 0, 0, 0, 0, 0, 0, 0, 0, 0, 0, 0, 0, 0, 0, 0, 0, 0, 0, 0, 0, 0, 0, 0, 0, 0, 0, 0, 0, 0, 0, 0, 0, 0, 0, 0, 0, 0, 0, 0, 0, 0, 0, 0, 0, 0, 0, 0, 0, 0, 0, 0, 0, 0, 0, 4, 1, 0, 3, 0, 14, 1, 8, 7, 5, 27, 0, 0, 0, 11, 0, 21, 0, 0, 10, 0, 0, 0, 4, 0, 0, 0, 108, 8, 48, 8, 15, 7, 41, 0, 6, 2, 3, 0, 0, 0, 4, 0, 6, 0, 0, 2, 0, 0, 0, 2, 0, 0, 0, 2, 123, 4, 12, 7, 7, 2, 16, 13, 4, 1, 0, 0, 0, 7, 0, 1, 0, 0, 3, 0, 0, 0, 26, 0, 0, 0, 30, 8, 64, 10, 11, 3, 22, 4, 2, 2, 0, 0, 0, 0, 1, 0, 1, 0, 0, 0, 0, 0, 0, 2, 0, 0, 0, 16, 21, 11, 20, 21, 16, 10, 6, 11, 15, 20, 0, 0, 0, 11, 0, 6, 0, 0, 10, 0, 0, 0, 17, 0, 0, 0, 10, 25, 7, 40, 16, 18, 13, 10, 9, 4, 3, 0, 0, 0, 6, 0, 11, 0, 0, 12, 0, 0, 0, 24, 0, 0, 0, 5, 4, 0, 8, 3, 18, 3, 5, 3, 5, 16, 0, 0, 0, 4, 0, 14, 0, 0, 16, 0, 0, 0, 6, 0, 0, 0, 2, 4, 6, 12, 7, 21, 3, 5, 3, 11, 38, 0, 0, 0, 5, 0, 26, 0, 0, 37, 0, 0, 0, 9, 0, 0, 0, 1, 2, 5, 11, 6, 17, 2, 4, 3, 10, 33, 0, 0, 0, 4, 0, 21, 0, 0, 29, 0, 0, 0, 6, 0, 0, 0, 0, 0, 0, 0, 0, 0, 0, 0, 0, 0, 0, 0, 0, 0, 0, 0, 0, 0, 0, 0, 0, 0, 0, 0, 0, 0, 0, 26, 21, 28, 14, 90, 3, 31, 7, 12, 10, 3, 0, 0, 0, 11, 0, 4, 0, 0, 5, 0, 0, 0, 9, 0, 0, 0, 1, 4, 9, 21, 4, 21, 0, 3, 5, 8, 9, 0, 0, 0, 4, 0, 7, 0, 0, 9, 0, 0, 0, 10, 0, 0, 0, 56, 16, 57, 16, 41, 6, 87, 5, 7, 3, 0, 0, 0, 0, 1, 0, 4, 0, 0, 3, 0, 0, 0, 8, 0, 0, 0, 8, 48, 8, 24, 8, 7, 7, 12, 2, 4, 12, 0, 0, 0, 20, 0, 9, 0, 0, 10, 0, 0, 0, 36, 0, 0, 0, 3, 31, 5, 15, 11, 10, 6, 54, 20, 5, 8, 0, 0, 0, 3, 0, 4, 0, 0, 8, 0, 0, 0, 9, 0, 0, 0, 4, 23, 2, 4, 6, 12, 5, 17, 32, 7, 6, 0, 0, 0, 10, 0, 2, 0, 0, 1, 0, 0, 0, 10, 0, 0, 0, 9, 18, 12, 21, 24, 27, 3, 7, 24, 41, 15, 0, 0, 0, 22, 0, 15, 0, 0, 16, 0, 0, 0, 2, 0, 0, 0]",27,27
"[0, 0, 0, 0, 0, 0, 0, 0, 0, 0, 0, 0, 0, 0, 0, 0, 0, 0, 0, 0, 0, 0, 0, 0, 0, 0, 0, 0, 0, 0, 0, 0, 0, 0, 0, 0, 0, 0, 0, 0, 0, 0, 0, 0, 0, 0, 0, 0, 0, 0, 0, 0, 0, 0, 0, 0, 0, 0, 0, 0, 0, 0, 0, 0, 0, 0, 0, 0, 0, 0, 0, 0, 0, 0, 0, 0, 0, 0, 0, 0, 0, 0, 0, 0, 0, 0, 0, 0, 0, 0, 0, 0, 0, 0, 0, 0, 0, 0, 0, 0, 0, 0, 0, 0, 0, 0, 0, 0, 0, 0, 0, 0, 0, 0, 0, 0, 0, 0, 0, 0, 0, 0, 0, 0, 0, 0, 0, 0, 0, 0, 0, 0, 0, 0, 0, 0, 0, 0, 0, 0, 0, 0, 0, 0, 0, 0, 0, 0, 0, 0, 0, 0, 0, 0, 0, 0, 0, 0, 0, 0, 0, 0, 0, 0, 0, 0, 0, 0, 0, 0, 0, 0, 0, 0, 0, 0, 0, 0, 0, 0, 0, 0, 0, 0, 0, 0, 0, 0, 0, 0, 0, 0, 0, 0, 0, 0, 0, 0, 0, 0, 0, 0, 0, 0, 0, 0, 0, 0, 0, 0, 0, 0, 0, 0, 0, 0, 0, 0, 0, 0, 0, 0, 0, 0, 0, 0, 0, 0, 0, 0, 0, 0, 0, 0, 0, 0, 0, 0, 0, 0, 0, 0, 0, 0, 0, 0, 0, 0, 0, 0, 0, 0, 0, 0, 0, 0, 0, 0, 0, 0, 0, 0, 0, 0, 0, 0, 0, 0, 0, 0, 7, 2, 1, 0, 4, 15, 1, 3, 16, 7, 14, 0, 0, 0, 5, 0, 24, 0, 0, 10, 0, 0, 0, 7, 0, 0, 0, 66, 14, 32, 18, 8, 9, 45, 8, 17, 2, 10, 0, 0, 0, 6, 0, 5, 0, 0, 7, 0, 0, 0, 13, 0, 0, 0, 12, 28, 5, 19, 9, 17, 50, 9, 12, 14, 9, 0, 0, 0, 6, 0, 15, 0, 0, 10, 0, 0, 0, 13, 0, 0, 0, 20, 5, 91, 7, 3, 2, 19, 2, 1, 3, 0, 0, 0, 0, 2, 0, 2, 0, 0, 3, 0, 0, 0, 0, 0, 0, 0, 23, 4, 16, 15, 12, 20, 8, 9, 14, 18, 16, 0, 0, 0, 8, 0, 21, 0, 0, 11, 0, 0, 0, 16, 0, 0, 0, 14, 19, 7, 14, 9, 19, 11, 6, 21, 7, 11, 0, 0, 0, 13, 0, 25, 0, 0, 12, 0, 0, 0, 20, 0, 0, 0, 3, 4, 0, 4, 4, 8, 3, 1, 26, 8, 8, 0, 0, 0, 4, 0, 16, 0, 0, 9, 0, 0, 0, 12, 0, 0, 0, 6, 1, 7, 5, 3, 13, 4, 1, 31, 10, 16, 0, 0, 0, 3, 0, 38, 0, 0, 34, 0, 0, 0, 17, 0, 0, 0, 5, 1, 5, 5, 3, 11, 4, 1, 25, 9, 13, 0, 0, 0, 1, 0, 30, 0, 0, 27, 0, 0, 0, 14, 0, 0, 0, 0, 0, 0, 0, 0, 0, 0, 0, 0, 0, 0, 0, 0, 0, 0, 0, 0, 0, 0, 0, 0, 0, 0, 0, 0, 0, 0, 28, 17, 12, 15, 28, 15, 28, 9, 28, 12, 21, 0, 0, 0, 13, 0, 20, 0, 0, 16, 0, 0, 0, 12, 0, 0, 0, 5, 7, 4, 6, 4, 17, 5, 1, 13, 8, 15, 0, 0, 0, 3, 0, 8, 0, 0, 13, 0, 0, 0, 6, 0, 0, 0, 65, 15, 33, 18, 13, 11, 90, 10, 15, 2, 3, 0, 0, 0, 9, 0, 13, 0, 0, 4, 0, 0, 0, 9, 0, 0, 0, 6, 9, 3, 9, 3, 18, 3, 4, 33, 7, 26, 0, 0, 0, 2, 0, 35, 0, 0, 17, 0, 0, 0, 40, 0, 0, 0, 11, 10, 6, 13, 26, 7, 16, 42, 9, 9, 9, 0, 0, 0, 12, 0, 9, 0, 0, 5, 0, 0, 0, 8, 0, 0, 0, 3, 1, 0, 10, 2, 4, 3, 4, 60, 4, 8, 0, 0, 0, 0, 0, 14, 0, 0, 15, 0, 0, 0, 13, 0, 0, 0, 8, 7, 4, 24, 13, 25, 13, 12, 29, 31, 26, 0, 0, 0, 13, 0, 24, 0, 0, 10, 0, 0, 0, 17, 0, 0, 0]",27,27
"[0, 0, 0, 0, 0, 0, 0, 0, 0, 0, 0, 0, 0, 0, 0, 0, 0, 0, 0, 0, 0, 0, 0, 0, 0, 0, 0, 0, 0, 0, 0, 0, 0, 0, 0, 0, 0, 0, 0, 0, 0, 0, 0, 0, 0, 0, 0, 0, 0, 0, 0, 0, 0, 0, 0, 0, 0, 0, 0, 0, 0, 0, 0, 0, 0, 0, 0, 0, 0, 0, 0, 0, 0, 0, 0, 0, 0, 0, 0, 0, 0, 0, 0, 0, 0, 0, 0, 0, 0, 0, 0, 0, 0, 0, 0, 0, 0, 0, 0, 0, 0, 0, 0, 0, 0, 0, 0, 0, 0, 0, 0, 0, 0, 0, 0, 0, 0, 0, 0, 0, 0, 0, 0, 0, 0, 0, 0, 0, 0, 0, 0, 0, 0, 0, 0, 0, 0, 0, 0, 0, 0, 0, 0, 0, 0, 0, 0, 0, 0, 0, 0, 0, 0, 0, 0, 0, 0, 0, 0, 0, 0, 0, 0, 0, 0, 0, 0, 0, 0, 0, 0, 0, 0, 0, 0, 0, 0, 0, 0, 0, 0, 0, 0, 0, 0, 0, 0, 0, 0, 0, 0, 0, 0, 0, 0, 0, 0, 0, 0, 0, 0, 0, 0, 0, 0, 0, 0, 0, 0, 0, 0, 0, 0, 0, 0, 0, 0, 0, 0, 0, 0, 0, 0, 0, 0, 0, 0, 0, 0, 0, 0, 0, 0, 0, 0, 0, 0, 0, 0, 0, 0, 0, 0, 0, 0, 0, 0, 0, 0, 0, 0, 0, 0, 0, 0, 0, 0, 0, 0, 0, 0, 0, 0, 0, 0, 0, 0, 0, 0, 0, 7, 2, 1, 0, 4, 15, 1, 3, 16, 7, 14, 0, 0, 0, 5, 0, 24, 0, 0, 10, 0, 0, 0, 7, 0, 0, 0, 66, 14, 32, 18, 8, 9, 45, 8, 17, 2, 10, 0, 0, 0, 6, 0, 5, 0, 0, 7, 0, 0, 0, 13, 0, 0, 0, 12, 28, 5, 19, 9, 17, 50, 9, 12, 14, 9, 0, 0, 0, 6, 0, 15, 0, 0, 10, 0, 0, 0, 13, 0, 0, 0, 20, 5, 91, 7, 3, 2, 19, 2, 1, 3, 0, 0, 0, 0, 2, 0, 2, 0, 0, 3, 0, 0, 0, 0, 0, 0, 0, 23, 4, 16, 15, 12, 20, 8, 9, 14, 18, 16, 0, 0, 0, 8, 0, 21, 0, 0, 11, 0, 0, 0, 16, 0, 0, 0, 14, 19, 7, 14, 9, 19, 11, 6, 21, 7, 11, 0, 0, 0, 13, 0, 25, 0, 0, 12, 0, 0, 0, 20, 0, 0, 0, 3, 4, 0, 4, 4, 8, 3, 1, 26, 8, 8, 0, 0, 0, 4, 0, 16, 0, 0, 9, 0, 0, 0, 12, 0, 0, 0, 6, 1, 7, 5, 3, 13, 4, 1, 31, 10, 16, 0, 0, 0, 3, 0, 38, 0, 0, 34, 0, 0, 0, 17, 0, 0, 0, 5, 1, 5, 5, 3, 11, 4, 1, 25, 9, 13, 0, 0, 0, 1, 0, 30, 0, 0, 27, 0, 0, 0, 14, 0, 0, 0, 0, 0, 0, 0, 0, 0, 0, 0, 0, 0, 0, 0, 0, 0, 0, 0, 0, 0, 0, 0, 0, 0, 0, 0, 0, 0, 0, 28, 17, 12, 15, 28, 15, 28, 9, 28, 12, 21, 0, 0, 0, 13, 0, 20, 0, 0, 16, 0, 0, 0, 12, 0, 0, 0, 5, 7, 4, 6, 4, 17, 5, 1, 13, 8, 15, 0, 0, 0, 3, 0, 8, 0, 0, 13, 0, 0, 0, 6, 0, 0, 0, 65, 15, 33, 18, 13, 11, 90, 10, 15, 2, 3, 0, 0, 0, 9, 0, 13, 0, 0, 4, 0, 0, 0, 9, 0, 0, 0, 6, 9, 3, 9, 3, 18, 3, 4, 33, 7, 26, 0, 0, 0, 2, 0, 35, 0, 0, 17, 0, 0, 0, 40, 0, 0, 0, 11, 10, 6, 13, 26, 7, 16, 42, 9, 9, 9, 0, 0, 0, 12, 0, 9, 0, 0, 5, 0, 0, 0, 8, 0, 0, 0, 3, 1, 0, 10, 2, 4, 3, 4, 60, 4, 8, 0, 0, 0, 0, 0, 14, 0, 0, 15, 0, 0, 0, 13, 0, 0, 0, 8, 7, 4, 24, 13, 25, 13, 12, 29, 31, 26, 0, 0, 0, 13, 0, 24, 0, 0, 10, 0, 0, 0, 17, 0, 0, 0]",27,27
"[0, 0, 0, 0, 0, 0, 0, 0, 0, 0, 0, 0, 0, 0, 0, 0, 0, 0, 0, 0, 0, 0, 0, 0, 0, 0, 0, 0, 0, 0, 0, 0, 0, 0, 0, 0, 0, 0, 0, 0, 0, 0, 0, 0, 0, 0, 0, 0, 0, 0, 0, 0, 0, 0, 0, 0, 0, 0, 0, 0, 0, 0, 0, 0, 0, 0, 0, 0, 0, 0, 0, 0, 0, 0, 0, 0, 0, 0, 0, 0, 0, 0, 0, 0, 0, 0, 0, 0, 0, 0, 0, 0, 0, 0, 0, 0, 0, 0, 0, 0, 0, 0, 0, 0, 0, 0, 0, 0, 0, 0, 0, 0, 0, 0, 0, 0, 0, 0, 0, 0, 0, 0, 0, 0, 0, 0, 0, 0, 0, 0, 0, 0, 0, 0, 0, 0, 0, 0, 0, 0, 0, 0, 0, 0, 0, 0, 0, 0, 0, 0, 0, 0, 0, 0, 0, 0, 0, 0, 0, 0, 0, 0, 0, 0, 0, 0, 0, 0, 0, 0, 0, 0, 0, 0, 0, 0, 0, 0, 0, 0, 0, 0, 0, 0, 0, 0, 0, 0, 0, 0, 0, 0, 0, 0, 0, 0, 0, 0, 0, 0, 0, 0, 0, 0, 0, 0, 0, 0, 0, 0, 0, 0, 0, 0, 0, 0, 0, 0, 0, 0, 0, 0, 0, 0, 0, 0, 0, 0, 0, 0, 0, 0, 0, 0, 0, 0, 0, 0, 0, 0, 0, 0, 0, 0, 0, 0, 0, 0, 0, 0, 0, 0, 0, 0, 0, 0, 0, 0, 0, 0, 0, 0, 0, 0, 0, 0, 0, 0, 0, 0, 7, 2, 1, 0, 4, 15, 1, 3, 16, 7, 14, 0, 0, 0, 5, 0, 24, 0, 0, 10, 0, 0, 0, 7, 0, 0, 0, 66, 14, 32, 18, 8, 9, 45, 8, 17, 2, 10, 0, 0, 0, 6, 0, 5, 0, 0, 7, 0, 0, 0, 13, 0, 0, 0, 12, 28, 5, 19, 9, 17, 50, 9, 12, 14, 9, 0, 0, 0, 6, 0, 15, 0, 0, 10, 0, 0, 0, 13, 0, 0, 0, 20, 5, 91, 7, 3, 2, 19, 2, 1, 3, 0, 0, 0, 0, 2, 0, 2, 0, 0, 3, 0, 0, 0, 0, 0, 0, 0, 23, 4, 16, 15, 12, 20, 8, 9, 14, 18, 16, 0, 0, 0, 8, 0, 21, 0, 0, 11, 0, 0, 0, 16, 0, 0, 0, 14, 19, 7, 14, 9, 19, 11, 6, 21, 7, 11, 0, 0, 0, 13, 0, 25, 0, 0, 12, 0, 0, 0, 20, 0, 0, 0, 3, 4, 0, 4, 4, 8, 3, 1, 26, 8, 8, 0, 0, 0, 4, 0, 16, 0, 0, 9, 0, 0, 0, 12, 0, 0, 0, 6, 1, 7, 5, 3, 13, 4, 1, 31, 10, 16, 0, 0, 0, 3, 0, 38, 0, 0, 34, 0, 0, 0, 17, 0, 0, 0, 5, 1, 5, 5, 3, 11, 4, 1, 25, 9, 13, 0, 0, 0, 1, 0, 30, 0, 0, 27, 0, 0, 0, 14, 0, 0, 0, 0, 0, 0, 0, 0, 0, 0, 0, 0, 0, 0, 0, 0, 0, 0, 0, 0, 0, 0, 0, 0, 0, 0, 0, 0, 0, 0, 28, 17, 12, 15, 28, 15, 28, 9, 28, 12, 21, 0, 0, 0, 13, 0, 20, 0, 0, 16, 0, 0, 0, 12, 0, 0, 0, 5, 7, 4, 6, 4, 17, 5, 1, 13, 8, 15, 0, 0, 0, 3, 0, 8, 0, 0, 13, 0, 0, 0, 6, 0, 0, 0, 65, 15, 33, 18, 13, 11, 90, 10, 15, 2, 3, 0, 0, 0, 9, 0, 13, 0, 0, 4, 0, 0, 0, 9, 0, 0, 0, 6, 9, 3, 9, 3, 18, 3, 4, 33, 7, 26, 0, 0, 0, 2, 0, 35, 0, 0, 17, 0, 0, 0, 40, 0, 0, 0, 11, 10, 6, 13, 26, 7, 16, 42, 9, 9, 9, 0, 0, 0, 12, 0, 9, 0, 0, 5, 0, 0, 0, 8, 0, 0, 0, 3, 1, 0, 10, 2, 4, 3, 4, 60, 4, 8, 0, 0, 0, 0, 0, 14, 0, 0, 15, 0, 0, 0, 13, 0, 0, 0, 8, 7, 4, 24, 13, 25, 13, 12, 29, 31, 26, 0, 0, 0, 13, 0, 24, 0, 0, 10, 0, 0, 0, 17, 0, 0, 0]",27,27
"[0, 0, 0, 0, 0, 0, 0, 0, 0, 0, 0, 0, 0, 0, 0, 0, 0, 0, 0, 0, 0, 0, 0, 0, 0, 0, 0, 0, 0, 0, 0, 0, 0, 0, 0, 0, 0, 0, 0, 0, 0, 0, 0, 0, 0, 0, 0, 0, 0, 0, 0, 0, 0, 0, 0, 0, 0, 0, 0, 0, 0, 0, 0, 0, 0, 0, 0, 0, 0, 0, 0, 0, 0, 0, 0, 0, 0, 0, 0, 0, 0, 0, 0, 0, 0, 0, 0, 0, 0, 0, 0, 0, 0, 0, 0, 0, 0, 0, 0, 0, 0, 0, 0, 0, 0, 0, 0, 0, 0, 0, 0, 0, 0, 0, 0, 0, 0, 0, 0, 0, 0, 0, 0, 0, 0, 0, 0, 0, 0, 0, 0, 0, 0, 0, 0, 0, 0, 0, 0, 0, 0, 0, 0, 0, 0, 0, 0, 0, 0, 0, 0, 0, 0, 0, 0, 0, 0, 0, 0, 0, 0, 0, 0, 0, 0, 0, 0, 0, 0, 0, 0, 0, 0, 0, 0, 0, 0, 0, 0, 0, 0, 0, 0, 0, 0, 0, 0, 0, 0, 0, 0, 0, 0, 0, 0, 0, 0, 0, 0, 0, 0, 0, 0, 0, 0, 0, 0, 0, 0, 0, 0, 0, 0, 0, 0, 0, 0, 0, 0, 0, 0, 0, 0, 0, 0, 0, 0, 0, 0, 0, 0, 0, 0, 0, 0, 0, 0, 0, 0, 0, 0, 0, 0, 0, 0, 0, 0, 0, 0, 0, 0, 0, 0, 0, 0, 0, 0, 0, 0, 0, 0, 0, 0, 0, 0, 0, 0, 0, 0, 0, 17, 0, 3, 3, 8, 16, 6, 1, 6, 9, 13, 0, 0, 0, 5, 0, 18, 0, 0, 10, 0, 0, 0, 1, 0, 0, 0, 90, 1, 17, 15, 7, 25, 15, 4, 19, 15, 18, 0, 0, 0, 5, 0, 7, 0, 0, 16, 0, 0, 0, 6, 0, 0, 0, 1, 126, 0, 42, 8, 0, 3, 2, 0, 1, 0, 0, 0, 0, 5, 0, 0, 0, 0, 2, 0, 0, 0, 38, 0, 0, 0, 42, 4, 44, 9, 9, 6, 8, 2, 6, 4, 5, 0, 0, 0, 5, 0, 7, 0, 0, 4, 0, 0, 0, 5, 0, 0, 0, 13, 16, 7, 32, 23, 19, 16, 10, 11, 11, 13, 0, 0, 0, 2, 0, 8, 0, 0, 9, 0, 0, 0, 21, 0, 0, 0, 2, 16, 3, 58, 25, 2, 6, 10, 11, 12, 2, 0, 0, 0, 13, 0, 6, 0, 0, 6, 0, 0, 0, 36, 0, 0, 0, 11, 0, 3, 5, 6, 13, 5, 0, 10, 4, 16, 0, 0, 0, 2, 0, 17, 0, 0, 10, 0, 0, 0, 8, 0, 0, 0, 16, 6, 2, 15, 17, 10, 14, 3, 9, 15, 18, 0, 0, 0, 3, 0, 23, 0, 0, 30, 0, 0, 0, 8, 0, 0, 0, 13, 5, 1, 13, 14, 9, 11, 2, 5, 12, 17, 0, 0, 0, 3, 0, 16, 0, 0, 26, 0, 0, 0, 7, 0, 0, 0, 0, 0, 0, 0, 0, 0, 0, 0, 0, 0, 0, 0, 0, 0, 0, 0, 0, 0, 0, 0, 0, 0, 0, 0, 0, 0, 0, 27, 16, 15, 31, 39, 11, 28, 15, 22, 24, 9, 0, 0, 0, 12, 0, 7, 0, 0, 5, 0, 0, 0, 13, 0, 0, 0, 18, 0, 7, 4, 4, 28, 1, 2, 6, 11, 8, 0, 0, 0, 2, 0, 15, 0, 0, 9, 0, 0, 0, 0, 0, 0, 0, 25, 24, 21, 30, 35, 10, 41, 15, 8, 35, 9, 0, 0, 0, 11, 0, 6, 0, 0, 11, 0, 0, 0, 29, 0, 0, 0, 1, 38, 1, 72, 16, 4, 6, 6, 3, 7, 4, 0, 0, 0, 6, 0, 3, 0, 0, 5, 0, 0, 0, 43, 0, 0, 0, 1, 10, 6, 41, 17, 3, 6, 59, 10, 5, 1, 0, 0, 0, 2, 0, 1, 0, 0, 4, 0, 0, 0, 26, 0, 0, 0, 6, 2, 4, 19, 14, 13, 6, 13, 16, 13, 5, 0, 0, 0, 4, 0, 9, 0, 0, 10, 0, 0, 0, 7, 0, 0, 0, 27, 5, 16, 40, 27, 13, 23, 7, 16, 16, 10, 0, 0, 0, 11, 0, 9, 0, 0, 17, 0, 0, 0, 19, 0, 0, 0]",27,27
"[0, 0, 0, 0, 0, 0, 0, 0, 0, 0, 0, 0, 0, 0, 0, 0, 0, 0, 0, 0, 0, 0, 0, 0, 0, 0, 0, 0, 0, 0, 0, 0, 0, 0, 0, 0, 0, 0, 0, 0, 0, 0, 0, 0, 0, 0, 0, 0, 0, 0, 0, 0, 0, 0, 0, 0, 0, 0, 0, 0, 0, 0, 0, 0, 0, 0, 0, 0, 0, 0, 0, 0, 0, 0, 0, 0, 0, 0, 0, 0, 0, 0, 0, 0, 0, 0, 0, 0, 0, 0, 0, 0, 0, 0, 0, 0, 0, 0, 0, 0, 0, 0, 0, 0, 0, 0, 0, 0, 0, 0, 0, 0, 0, 0, 0, 0, 0, 0, 0, 0, 0, 0, 0, 0, 0, 0, 0, 0, 0, 0, 0, 0, 0, 0, 0, 0, 0, 0, 0, 0, 0, 0, 0, 0, 0, 0, 0, 0, 0, 0, 0, 0, 0, 0, 0, 0, 0, 0, 0, 0, 0, 0, 0, 0, 0, 0, 0, 0, 0, 0, 0, 0, 0, 0, 0, 0, 0, 0, 0, 0, 0, 0, 0, 0, 0, 0, 0, 0, 0, 0, 0, 0, 0, 0, 0, 0, 0, 0, 0, 0, 0, 0, 0, 0, 0, 0, 0, 0, 0, 0, 0, 0, 0, 0, 0, 0, 0, 0, 0, 0, 0, 0, 0, 0, 0, 0, 0, 0, 0, 0, 0, 0, 0, 0, 0, 0, 0, 0, 0, 0, 0, 0, 0, 0, 0, 0, 0, 0, 0, 0, 0, 0, 0, 0, 0, 0, 0, 0, 0, 0, 0, 0, 0, 0, 0, 0, 0, 0, 0, 0, 17, 0, 3, 3, 8, 16, 6, 1, 6, 9, 13, 0, 0, 0, 5, 0, 18, 0, 0, 10, 0, 0, 0, 1, 0, 0, 0, 90, 1, 17, 15, 7, 25, 15, 4, 19, 15, 18, 0, 0, 0, 5, 0, 7, 0, 0, 16, 0, 0, 0, 6, 0, 0, 0, 1, 126, 0, 42, 8, 0, 3, 2, 0, 1, 0, 0, 0, 0, 5, 0, 0, 0, 0, 2, 0, 0, 0, 38, 0, 0, 0, 42, 4, 44, 9, 9, 6, 8, 2, 6, 4, 5, 0, 0, 0, 5, 0, 7, 0, 0, 4, 0, 0, 0, 5, 0, 0, 0, 13, 16, 7, 32, 23, 19, 16, 10, 11, 11, 13, 0, 0, 0, 2, 0, 8, 0, 0, 9, 0, 0, 0, 21, 0, 0, 0, 2, 16, 3, 58, 25, 2, 6, 10, 11, 12, 2, 0, 0, 0, 13, 0, 6, 0, 0, 6, 0, 0, 0, 36, 0, 0, 0, 11, 0, 3, 5, 6, 13, 5, 0, 10, 4, 16, 0, 0, 0, 2, 0, 17, 0, 0, 10, 0, 0, 0, 8, 0, 0, 0, 16, 6, 2, 15, 17, 10, 14, 3, 9, 15, 18, 0, 0, 0, 3, 0, 23, 0, 0, 30, 0, 0, 0, 8, 0, 0, 0, 13, 5, 1, 13, 14, 9, 11, 2, 5, 12, 17, 0, 0, 0, 3, 0, 16, 0, 0, 26, 0, 0, 0, 7, 0, 0, 0, 0, 0, 0, 0, 0, 0, 0, 0, 0, 0, 0, 0, 0, 0, 0, 0, 0, 0, 0, 0, 0, 0, 0, 0, 0, 0, 0, 27, 16, 15, 31, 39, 11, 28, 15, 22, 24, 9, 0, 0, 0, 12, 0, 7, 0, 0, 5, 0, 0, 0, 13, 0, 0, 0, 18, 0, 7, 4, 4, 28, 1, 2, 6, 11, 8, 0, 0, 0, 2, 0, 15, 0, 0, 9, 0, 0, 0, 0, 0, 0, 0, 25, 24, 21, 30, 35, 10, 41, 15, 8, 35, 9, 0, 0, 0, 11, 0, 6, 0, 0, 11, 0, 0, 0, 29, 0, 0, 0, 1, 38, 1, 72, 16, 4, 6, 6, 3, 7, 4, 0, 0, 0, 6, 0, 3, 0, 0, 5, 0, 0, 0, 43, 0, 0, 0, 1, 10, 6, 41, 17, 3, 6, 59, 10, 5, 1, 0, 0, 0, 2, 0, 1, 0, 0, 4, 0, 0, 0, 26, 0, 0, 0, 6, 2, 4, 19, 14, 13, 6, 13, 16, 13, 5, 0, 0, 0, 4, 0, 9, 0, 0, 10, 0, 0, 0, 7, 0, 0, 0, 27, 5, 16, 40, 27, 13, 23, 7, 16, 16, 10, 0, 0, 0, 11, 0, 9, 0, 0, 17, 0, 0, 0, 19, 0, 0, 0]",27,27
"[0, 0, 0, 0, 0, 0, 0, 0, 0, 0, 0, 0, 0, 0, 0, 0, 0, 0, 0, 0, 0, 0, 0, 0, 0, 0, 0, 0, 0, 0, 0, 0, 0, 0, 0, 0, 0, 0, 0, 0, 0, 0, 0, 0, 0, 0, 0, 0, 0, 0, 0, 0, 0, 0, 0, 0, 0, 0, 0, 0, 0, 0, 0, 0, 0, 0, 0, 0, 0, 0, 0, 0, 0, 0, 0, 0, 0, 0, 0, 0, 0, 0, 0, 0, 0, 0, 0, 0, 0, 0, 0, 0, 0, 0, 0, 0, 0, 0, 0, 0, 0, 0, 0, 0, 0, 0, 0, 0, 0, 0, 0, 0, 0, 0, 0, 0, 0, 0, 0, 0, 0, 0, 0, 0, 0, 0, 0, 0, 0, 0, 0, 0, 0, 0, 0, 0, 0, 0, 0, 0, 0, 0, 0, 0, 0, 0, 0, 0, 0, 0, 0, 0, 0, 0, 0, 0, 0, 0, 0, 0, 0, 0, 0, 0, 0, 0, 0, 0, 0, 0, 0, 0, 0, 0, 0, 0, 0, 0, 0, 0, 0, 0, 0, 0, 0, 0, 0, 0, 0, 0, 0, 0, 0, 0, 0, 0, 0, 0, 0, 0, 0, 0, 0, 0, 0, 0, 0, 0, 0, 0, 0, 0, 0, 0, 0, 0, 0, 0, 0, 0, 0, 0, 0, 0, 0, 0, 0, 0, 0, 0, 0, 0, 0, 0, 0, 0, 0, 0, 0, 0, 0, 0, 0, 0, 0, 0, 0, 0, 0, 0, 0, 0, 0, 0, 0, 0, 0, 0, 0, 0, 0, 0, 0, 0, 0, 0, 0, 0, 0, 0, 17, 0, 3, 3, 8, 16, 6, 1, 6, 9, 13, 0, 0, 0, 5, 0, 18, 0, 0, 10, 0, 0, 0, 1, 0, 0, 0, 90, 1, 17, 15, 7, 25, 15, 4, 19, 15, 18, 0, 0, 0, 5, 0, 7, 0, 0, 16, 0, 0, 0, 6, 0, 0, 0, 1, 126, 0, 42, 8, 0, 3, 2, 0, 1, 0, 0, 0, 0, 5, 0, 0, 0, 0, 2, 0, 0, 0, 38, 0, 0, 0, 42, 4, 44, 9, 9, 6, 8, 2, 6, 4, 5, 0, 0, 0, 5, 0, 7, 0, 0, 4, 0, 0, 0, 5, 0, 0, 0, 13, 16, 7, 32, 23, 19, 16, 10, 11, 11, 13, 0, 0, 0, 2, 0, 8, 0, 0, 9, 0, 0, 0, 21, 0, 0, 0, 2, 16, 3, 58, 25, 2, 6, 10, 11, 12, 2, 0, 0, 0, 13, 0, 6, 0, 0, 6, 0, 0, 0, 36, 0, 0, 0, 11, 0, 3, 5, 6, 13, 5, 0, 10, 4, 16, 0, 0, 0, 2, 0, 17, 0, 0, 10, 0, 0, 0, 8, 0, 0, 0, 16, 6, 2, 15, 17, 10, 14, 3, 9, 15, 18, 0, 0, 0, 3, 0, 23, 0, 0, 30, 0, 0, 0, 8, 0, 0, 0, 13, 5, 1, 13, 14, 9, 11, 2, 5, 12, 17, 0, 0, 0, 3, 0, 16, 0, 0, 26, 0, 0, 0, 7, 0, 0, 0, 0, 0, 0, 0, 0, 0, 0, 0, 0, 0, 0, 0, 0, 0, 0, 0, 0, 0, 0, 0, 0, 0, 0, 0, 0, 0, 0, 27, 16, 15, 31, 39, 11, 28, 15, 22, 24, 9, 0, 0, 0, 12, 0, 7, 0, 0, 5, 0, 0, 0, 13, 0, 0, 0, 18, 0, 7, 4, 4, 28, 1, 2, 6, 11, 8, 0, 0, 0, 2, 0, 15, 0, 0, 9, 0, 0, 0, 0, 0, 0, 0, 25, 24, 21, 30, 35, 10, 41, 15, 8, 35, 9, 0, 0, 0, 11, 0, 6, 0, 0, 11, 0, 0, 0, 29, 0, 0, 0, 1, 38, 1, 72, 16, 4, 6, 6, 3, 7, 4, 0, 0, 0, 6, 0, 3, 0, 0, 5, 0, 0, 0, 43, 0, 0, 0, 1, 10, 6, 41, 17, 3, 6, 59, 10, 5, 1, 0, 0, 0, 2, 0, 1, 0, 0, 4, 0, 0, 0, 26, 0, 0, 0, 6, 2, 4, 19, 14, 13, 6, 13, 16, 13, 5, 0, 0, 0, 4, 0, 9, 0, 0, 10, 0, 0, 0, 7, 0, 0, 0, 27, 5, 16, 40, 27, 13, 23, 7, 16, 16, 10, 0, 0, 0, 11, 0, 9, 0, 0, 17, 0, 0, 0, 19, 0, 0, 0]",27,27
"[0, 0, 0, 0, 0, 0, 0, 0, 0, 0, 0, 0, 0, 0, 0, 0, 0, 0, 0, 0, 0, 0, 0, 0, 0, 0, 0, 0, 0, 0, 0, 0, 0, 0, 0, 0, 0, 0, 0, 0, 0, 0, 0, 0, 0, 0, 0, 0, 0, 0, 0, 0, 0, 0, 0, 0, 0, 0, 0, 0, 0, 0, 0, 0, 0, 0, 0, 0, 0, 0, 0, 0, 0, 0, 0, 0, 0, 0, 0, 0, 0, 0, 0, 0, 0, 0, 0, 0, 0, 0, 0, 0, 0, 0, 0, 0, 0, 0, 0, 0, 0, 0, 0, 0, 0, 0, 0, 0, 0, 0, 0, 0, 0, 0, 0, 0, 0, 0, 0, 0, 0, 0, 0, 0, 0, 0, 0, 0, 0, 0, 0, 0, 0, 0, 0, 0, 0, 0, 0, 0, 0, 0, 0, 0, 0, 0, 0, 0, 0, 0, 0, 0, 0, 0, 0, 0, 0, 0, 0, 0, 0, 0, 0, 0, 0, 0, 0, 0, 9, 4, 29, 24, 25, 0, 6, 0, 0, 0, 0, 0, 0, 12, 0, 0, 7, 0, 0, 0, 0, 0, 0, 0, 31, 0, 76, 37, 53, 1, 15, 0, 0, 0, 0, 1, 0, 17, 0, 0, 19, 0, 0, 0, 10, 0, 0, 0, 35, 2, 50, 36, 31, 1, 28, 0, 0, 0, 0, 1, 0, 25, 0, 0, 15, 0, 0, 0, 4, 0, 0, 0, 24, 1, 53, 19, 38, 0, 6, 0, 0, 0, 0, 1, 0, 8, 0, 0, 9, 0, 0, 0, 1, 0, 0, 0, 33, 1, 47, 35, 33, 4, 15, 0, 0, 0, 0, 0, 0, 26, 0, 0, 13, 0, 0, 0, 4, 0, 0, 0, 26, 5, 41, 44, 27, 1, 19, 0, 0, 0, 0, 5, 0, 23, 0, 0, 13, 0, 0, 0, 4, 0, 0, 0, 9, 2, 24, 25, 25, 2, 8, 0, 0, 0, 0, 3, 0, 6, 0, 0, 5, 0, 0, 0, 1, 0, 0, 0, 14, 8, 37, 47, 36, 0, 16, 0, 0, 0, 0, 1, 0, 20, 0, 0, 7, 0, 0, 0, 3, 0, 0, 0, 11, 6, 28, 38, 31, 0, 13, 0, 0, 0, 0, 1, 0, 17, 0, 0, 7, 0, 0, 0, 2, 0, 0, 0, 0, 0, 0, 0, 0, 0, 0, 0, 0, 0, 0, 0, 0, 0, 0, 0, 0, 0, 0, 0, 0, 0, 0, 0, 34, 6, 75, 45, 58, 4, 13, 0, 0, 0, 0, 1, 0, 27, 0, 0, 10, 0, 0, 0, 1, 0, 0, 0, 12, 0, 27, 18, 22, 3, 11, 0, 0, 0, 0, 4, 0, 8, 0, 0, 4, 0, 0, 0, 6, 0, 0, 0, 35, 4, 82, 65, 53, 3, 17, 0, 0, 0, 0, 4, 0, 22, 0, 0, 15, 0, 0, 0, 10, 0, 0, 0, 21, 4, 55, 42, 25, 3, 19, 0, 0, 0, 0, 6, 0, 17, 0, 0, 17, 0, 0, 0, 6, 0, 0, 0, 23, 6, 33, 42, 53, 2, 9, 0, 0, 0, 0, 0, 0, 16, 0, 0, 4, 0, 0, 0, 4, 0, 0, 0, 12, 1, 32, 27, 29, 0, 18, 0, 0, 0, 0, 2, 0, 17, 0, 0, 0, 0, 0, 0, 3, 0, 0, 0, 26, 3, 61, 49, 34, 3, 22, 0, 0, 0, 0, 7, 0, 24, 0, 0, 22, 0, 0, 0, 5, 0, 0, 0]",24,24
"[0, 0, 0, 0, 0, 0, 0, 0, 0, 0, 0, 0, 0, 0, 0, 0, 0, 0, 0, 0, 0, 0, 0, 0, 0, 0, 0, 0, 0, 0, 0, 0, 0, 0, 0, 0, 0, 0, 0, 0, 0, 0, 0, 0, 0, 0, 0, 0, 0, 0, 0, 0, 0, 0, 0, 0, 0, 0, 0, 0, 0, 0, 0, 0, 0, 0, 0, 0, 0, 0, 0, 0, 0, 0, 0, 0, 0, 0, 0, 0, 0, 0, 0, 0, 0, 0, 0, 0, 0, 0, 0, 0, 0, 0, 0, 0, 0, 0, 0, 0, 0, 0, 0, 0, 0, 0, 0, 0, 0, 0, 0, 0, 0, 0, 0, 0, 0, 0, 0, 0, 0, 0, 0, 0, 0, 0, 0, 0, 0, 0, 0, 0, 0, 0, 0, 0, 0, 0, 0, 0, 0, 0, 0, 0, 0, 0, 0, 0, 0, 0, 0, 0, 0, 0, 0, 0, 0, 0, 0, 0, 0, 0, 0, 0, 0, 0, 0, 0, 9, 4, 29, 24, 25, 0, 6, 0, 0, 0, 0, 0, 0, 12, 0, 0, 7, 0, 0, 0, 0, 0, 0, 0, 31, 0, 76, 37, 53, 1, 15, 0, 0, 0, 0, 1, 0, 17, 0, 0, 19, 0, 0, 0, 10, 0, 0, 0, 35, 2, 50, 36, 31, 1, 28, 0, 0, 0, 0, 1, 0, 25, 0, 0, 15, 0, 0, 0, 4, 0, 0, 0, 24, 1, 53, 19, 38, 0, 6, 0, 0, 0, 0, 1, 0, 8, 0, 0, 9, 0, 0, 0, 1, 0, 0, 0, 33, 1, 47, 35, 33, 4, 15, 0, 0, 0, 0, 0, 0, 26, 0, 0, 13, 0, 0, 0, 4, 0, 0, 0, 26, 5, 41, 44, 27, 1, 19, 0, 0, 0, 0, 5, 0, 23, 0, 0, 13, 0, 0, 0, 4, 0, 0, 0, 9, 2, 24, 25, 25, 2, 8, 0, 0, 0, 0, 3, 0, 6, 0, 0, 5, 0, 0, 0, 1, 0, 0, 0, 14, 8, 37, 47, 36, 0, 16, 0, 0, 0, 0, 1, 0, 20, 0, 0, 7, 0, 0, 0, 3, 0, 0, 0, 11, 6, 28, 38, 31, 0, 13, 0, 0, 0, 0, 1, 0, 17, 0, 0, 7, 0, 0, 0, 2, 0, 0, 0, 0, 0, 0, 0, 0, 0, 0, 0, 0, 0, 0, 0, 0, 0, 0, 0, 0, 0, 0, 0, 0, 0, 0, 0, 34, 6, 75, 45, 58, 4, 13, 0, 0, 0, 0, 1, 0, 27, 0, 0, 10, 0, 0, 0, 1, 0, 0, 0, 12, 0, 27, 18, 22, 3, 11, 0, 0, 0, 0, 4, 0, 8, 0, 0, 4, 0, 0, 0, 6, 0, 0, 0, 35, 4, 82, 65, 53, 3, 17, 0, 0, 0, 0, 4, 0, 22, 0, 0, 15, 0, 0, 0, 10, 0, 0, 0, 21, 4, 55, 42, 25, 3, 19, 0, 0, 0, 0, 6, 0, 17, 0, 0, 17, 0, 0, 0, 6, 0, 0, 0, 23, 6, 33, 42, 53, 2, 9, 0, 0, 0, 0, 0, 0, 16, 0, 0, 4, 0, 0, 0, 4, 0, 0, 0, 12, 1, 32, 27, 29, 0, 18, 0, 0, 0, 0, 2, 0, 17, 0, 0, 0, 0, 0, 0, 3, 0, 0, 0, 26, 3, 61, 49, 34, 3, 22, 0, 0, 0, 0, 7, 0, 24, 0, 0, 22, 0, 0, 0, 5, 0, 0, 0]",24,24
"[0, 0, 0, 0, 0, 0, 0, 0, 0, 0, 0, 0, 0, 0, 0, 0, 0, 0, 0, 0, 0, 0, 0, 0, 0, 0, 0, 0, 0, 0, 0, 0, 0, 0, 0, 0, 0, 0, 0, 0, 0, 0, 0, 0, 0, 0, 0, 0, 0, 0, 0, 0, 0, 0, 0, 0, 0, 0, 0, 0, 0, 0, 0, 0, 0, 0, 0, 0, 0, 0, 0, 0, 0, 0, 0, 0, 0, 0, 0, 0, 0, 0, 0, 0, 0, 0, 0, 0, 0, 0, 0, 0, 0, 0, 0, 0, 0, 0, 0, 0, 0, 0, 0, 0, 0, 0, 0, 0, 0, 0, 0, 0, 0, 0, 0, 0, 0, 0, 0, 0, 0, 0, 0, 0, 0, 0, 0, 0, 0, 0, 0, 0, 0, 0, 0, 0, 0, 0, 0, 0, 0, 0, 0, 0, 0, 0, 0, 0, 0, 0, 0, 0, 0, 0, 0, 0, 0, 0, 0, 0, 0, 0, 0, 0, 0, 0, 0, 0, 9, 4, 29, 24, 25, 0, 6, 0, 0, 0, 0, 0, 0, 12, 0, 0, 7, 0, 0, 0, 0, 0, 0, 0, 31, 0, 76, 37, 53, 1, 15, 0, 0, 0, 0, 1, 0, 17, 0, 0, 19, 0, 0, 0, 10, 0, 0, 0, 35, 2, 50, 36, 31, 1, 28, 0, 0, 0, 0, 1, 0, 25, 0, 0, 15, 0, 0, 0, 4, 0, 0, 0, 24, 1, 53, 19, 38, 0, 6, 0, 0, 0, 0, 1, 0, 8, 0, 0, 9, 0, 0, 0, 1, 0, 0, 0, 33, 1, 47, 35, 33, 4, 15, 0, 0, 0, 0, 0, 0, 26, 0, 0, 13, 0, 0, 0, 4, 0, 0, 0, 26, 5, 41, 44, 27, 1, 19, 0, 0, 0, 0, 5, 0, 23, 0, 0, 13, 0, 0, 0, 4, 0, 0, 0, 9, 2, 24, 25, 25, 2, 8, 0, 0, 0, 0, 3, 0, 6, 0, 0, 5, 0, 0, 0, 1, 0, 0, 0, 14, 8, 37, 47, 36, 0, 16, 0, 0, 0, 0, 1, 0, 20, 0, 0, 7, 0, 0, 0, 3, 0, 0, 0, 11, 6, 28, 38, 31, 0, 13, 0, 0, 0, 0, 1, 0, 17, 0, 0, 7, 0, 0, 0, 2, 0, 0, 0, 0, 0, 0, 0, 0, 0, 0, 0, 0, 0, 0, 0, 0, 0, 0, 0, 0, 0, 0, 0, 0, 0, 0, 0, 34, 6, 75, 45, 58, 4, 13, 0, 0, 0, 0, 1, 0, 27, 0, 0, 10, 0, 0, 0, 1, 0, 0, 0, 12, 0, 27, 18, 22, 3, 11, 0, 0, 0, 0, 4, 0, 8, 0, 0, 4, 0, 0, 0, 6, 0, 0, 0, 35, 4, 82, 65, 53, 3, 17, 0, 0, 0, 0, 4, 0, 22, 0, 0, 15, 0, 0, 0, 10, 0, 0, 0, 21, 4, 55, 42, 25, 3, 19, 0, 0, 0, 0, 6, 0, 17, 0, 0, 17, 0, 0, 0, 6, 0, 0, 0, 23, 6, 33, 42, 53, 2, 9, 0, 0, 0, 0, 0, 0, 16, 0, 0, 4, 0, 0, 0, 4, 0, 0, 0, 12, 1, 32, 27, 29, 0, 18, 0, 0, 0, 0, 2, 0, 17, 0, 0, 0, 0, 0, 0, 3, 0, 0, 0, 26, 3, 61, 49, 34, 3, 22, 0, 0, 0, 0, 7, 0, 24, 0, 0, 22, 0, 0, 0, 5, 0, 0, 0]",24,24
"[0, 0, 0, 0, 0, 0, 0, 0, 0, 0, 0, 0, 0, 0, 0, 0, 0, 116, 0, 0, 0, 0, 0, 0, 0, 0, 0, 0, 0, 0, 0, 0, 0, 0, 260, 0, 0, 0, 0, 0, 0, 0, 0, 0, 0, 0, 0, 0, 0, 0, 0, 228, 0, 0, 0, 0, 0, 0, 0, 0, 0, 0, 0, 0, 0, 0, 0, 0, 160, 0, 0, 0, 0, 0, 0, 0, 0, 0, 0, 0, 0, 0, 0, 0, 0, 211, 0, 0, 0, 0, 0, 0, 0, 0, 0, 0, 0, 0, 0, 0, 0, 0, 208, 0, 0, 0, 0, 0, 0, 0, 0, 0, 0, 0, 0, 0, 0, 0, 0, 110, 0, 0, 0, 0, 0, 0, 0, 0, 0, 0, 0, 0, 0, 0, 0, 0, 189, 0, 0, 0, 0, 0, 0, 0, 0, 0, 0, 0, 0, 0, 0, 0, 0, 154, 0, 0, 0, 0, 0, 0, 0, 0, 0, 0, 0, 0, 0, 0, 0, 0, 274, 0, 0, 0, 0, 0, 0, 0, 0, 0, 0, 0, 0, 0, 0, 0, 0, 115, 0, 0, 0, 0, 0, 0, 0, 0, 0, 0, 0, 0, 0, 0, 0, 0, 310, 0, 0, 0, 0, 0, 0, 0, 0, 0, 0, 0, 0, 0, 0, 0, 0, 215, 0, 0, 0, 0, 0, 0, 0, 0, 0, 0, 0, 0, 0, 0, 0, 0, 192, 0, 0, 0, 0, 0, 0, 0, 0, 0, 0, 0, 0, 0, 0, 0, 0, 141, 0, 0, 0, 0, 0, 0, 0, 0, 0, 0, 0, 0, 0, 0, 0, 0, 256, 0, 0, 0, 0, 0, 0, 0, 0, 0, 0, 0, 0, 0, 0, 0, 0]",17,17
"[0, 0, 0, 0, 0, 0, 0, 0, 0, 0, 0, 0, 0, 0, 0, 0, 0, 116, 0, 0, 0, 0, 0, 0, 0, 0, 0, 0, 0, 0, 0, 0, 0, 0, 260, 0, 0, 0, 0, 0, 0, 0, 0, 0, 0, 0, 0, 0, 0, 0, 0, 228, 0, 0, 0, 0, 0, 0, 0, 0, 0, 0, 0, 0, 0, 0, 0, 0, 160, 0, 0, 0, 0, 0, 0, 0, 0, 0, 0, 0, 0, 0, 0, 0, 0, 211, 0, 0, 0, 0, 0, 0, 0, 0, 0, 0, 0, 0, 0, 0, 0, 0, 208, 0, 0, 0, 0, 0, 0, 0, 0, 0, 0, 0, 0, 0, 0, 0, 0, 110, 0, 0, 0, 0, 0, 0, 0, 0, 0, 0, 0, 0, 0, 0, 0, 0, 189, 0, 0, 0, 0, 0, 0, 0, 0, 0, 0, 0, 0, 0, 0, 0, 0, 154, 0, 0, 0, 0, 0, 0, 0, 0, 0, 0, 0, 0, 0, 0, 0, 0, 274, 0, 0, 0, 0, 0, 0, 0, 0, 0, 0, 0, 0, 0, 0, 0, 0, 115, 0, 0, 0, 0, 0, 0, 0, 0, 0, 0, 0, 0, 0, 0, 0, 0, 310, 0, 0, 0, 0, 0, 0, 0, 0, 0, 0, 0, 0, 0, 0, 0, 0, 215, 0, 0, 0, 0, 0, 0, 0, 0, 0, 0, 0, 0, 0, 0, 0, 0, 192, 0, 0, 0, 0, 0, 0, 0, 0, 0, 0, 0, 0, 0, 0, 0, 0, 141, 0, 0, 0, 0, 0, 0, 0, 0, 0, 0, 0, 0, 0, 0, 0, 0, 256, 0, 0, 0, 0, 0, 0, 0, 0, 0, 0, 0, 0, 0, 0, 0, 0]",17,17
"[0, 0, 0, 0, 0, 0, 0, 0, 0, 0, 0, 0, 0, 0, 0, 0, 0, 116, 0, 0, 0, 0, 0, 0, 0, 0, 0, 0, 0, 0, 0, 0, 0, 0, 260, 0, 0, 0, 0, 0, 0, 0, 0, 0, 0, 0, 0, 0, 0, 0, 0, 228, 0, 0, 0, 0, 0, 0, 0, 0, 0, 0, 0, 0, 0, 0, 0, 0, 160, 0, 0, 0, 0, 0, 0, 0, 0, 0, 0, 0, 0, 0, 0, 0, 0, 211, 0, 0, 0, 0, 0, 0, 0, 0, 0, 0, 0, 0, 0, 0, 0, 0, 208, 0, 0, 0, 0, 0, 0, 0, 0, 0, 0, 0, 0, 0, 0, 0, 0, 110, 0, 0, 0, 0, 0, 0, 0, 0, 0, 0, 0, 0, 0, 0, 0, 0, 189, 0, 0, 0, 0, 0, 0, 0, 0, 0, 0, 0, 0, 0, 0, 0, 0, 154, 0, 0, 0, 0, 0, 0, 0, 0, 0, 0, 0, 0, 0, 0, 0, 0, 274, 0, 0, 0, 0, 0, 0, 0, 0, 0, 0, 0, 0, 0, 0, 0, 0, 115, 0, 0, 0, 0, 0, 0, 0, 0, 0, 0, 0, 0, 0, 0, 0, 0, 310, 0, 0, 0, 0, 0, 0, 0, 0, 0, 0, 0, 0, 0, 0, 0, 0, 215, 0, 0, 0, 0, 0, 0, 0, 0, 0, 0, 0, 0, 0, 0, 0, 0, 192, 0, 0, 0, 0, 0, 0, 0, 0, 0, 0, 0, 0, 0, 0, 0, 0, 141, 0, 0, 0, 0, 0, 0, 0, 0, 0, 0, 0, 0, 0, 0, 0, 0, 256, 0, 0, 0, 0, 0, 0, 0, 0, 0, 0, 0, 0, 0, 0, 0, 0]",17,17
